date,team,target,actual,predicted,prediction_error,status
2015-01-01,8,0.8,0.940725,0.9399559266666614,0.0007690733333386435,Achieved
2015-01-01,1,0.75,0.8865,0.874524560000004,0.011975439999995952,Achieved
2015-01-01,11,0.8,0.80057,0.7976733633333292,0.0028966366666708376,Achieved
2015-01-01,12,0.8,0.80057,0.7973327733333291,0.0032372266666709226,Achieved
2015-01-01,6,0.8,0.800382,0.7970599933333369,0.0033220066666631576,Achieved
2015-01-01,7,0.8,0.800125,0.8009951033333349,-0.0008701033333349262,Achieved
2015-01-01,2,0.75,0.755167,0.7735023433333329,-0.018335343333332865,Achieved
2015-01-01,3,0.75,0.753684,0.7524983266666669,0.0011856733333330816,Achieved
2015-01-01,2,0.75,0.753098,0.7495559466666648,0.0035420533333352378,Achieved
2015-01-01,1,0.75,0.750428,0.7542231399999995,-0.003795139999999475,Achieved
2015-01-01,9,0.7,0.721127,0.6843284466666659,0.03679855333333404,Achieved
2015-01-01,10,0.75,0.712205,0.7250895900000018,-0.012884590000001861,Below Target
2015-01-01,5,0.8,0.707046,0.7376126833333315,-0.030566683333331568,Below Target
2015-01-01,10,0.65,0.705917,0.6983529833333325,0.007564016666667506,Achieved
2015-01-01,8,0.75,0.676667,0.6453545733333341,0.031312426666665893,Below Target
2015-01-01,4,0.75,0.593056,0.6993616299999976,-0.1063056299999976,Below Target
2015-01-01,7,0.8,0.540729,0.5724754966666662,-0.03174649666666618,Below Target
2015-01-01,4,0.65,0.52118,0.5533032566666651,-0.032123256666665156,Below Target
2015-01-01,11,0.7,0.436326,0.5591019800000002,-0.12277598000000023,Below Target
2015-01-03,4,0.8,0.988025,0.933300069999997,0.054724930000003,Achieved
2015-01-03,11,0.75,0.98788,0.8911091966666647,0.09677080333333532,Achieved
2015-01-03,9,0.8,0.956271,0.8686532366666627,0.08761776333333726,Achieved
2015-01-03,3,0.75,0.945278,0.9244873033333331,0.020790696666666886,Achieved
2015-01-03,1,0.8,0.902917,0.9186812733333365,-0.01576427333333652,Achieved
2015-01-03,1,0.8,0.800725,0.7998118133333334,0.0009131866666666211,Achieved
2015-01-03,3,0.8,0.800323,0.8000913866666658,0.00023161333333421297,Achieved
2015-01-03,8,0.8,0.800319,0.8041215833333343,-0.003802583333334275,Achieved
2015-01-03,12,0.8,0.800319,0.8057341200000014,-0.005415120000001439,Achieved
2015-01-03,11,0.8,0.800237,0.8013595933333355,-0.001122593333335531,Achieved
2015-01-03,5,0.8,0.800149,0.794293886666668,0.005855113333331996,Achieved
2015-01-03,6,0.8,0.800125,0.8003637700000019,-0.00023877000000194215,Achieved
2015-01-03,7,0.8,0.800125,0.804867026666668,-0.004742026666668009,Achieved
2015-01-03,10,0.75,0.7873,0.7742983633333305,0.013001636666669536,Achieved
2015-01-03,2,0.8,0.782448,0.7805734599999965,0.0018745400000035328,Below Target
2015-01-03,2,0.75,0.750243,0.7501424666666698,0.00010053333333015502,Achieved
2015-01-03,10,0.7,0.701813,0.6895083366666637,0.012304663333336352,Achieved
2015-01-03,4,0.7,0.700134,0.640052119999999,0.06008188000000103,Achieved
2015-01-03,9,0.7,0.699965,0.7004445999999995,-0.00047959999999958036,Below Target
2015-01-03,8,0.8,0.628333,0.6455657599999988,-0.017232759999998737,Below Target
2015-01-03,7,0.8,0.625313,0.6906657466666685,-0.06535274666666846,Below Target
2015-01-04,3,0.75,0.991389,0.9401171533333337,0.05127184666666629,Achieved
2015-01-04,9,0.8,0.931646,0.8673325266666669,0.06431347333333304,Achieved
2015-01-04,1,0.8,0.915229,0.9136362633333365,0.0015927366666634857,Achieved
2015-01-04,6,0.8,0.879714,0.7889383200000005,0.09077567999999947,Achieved
2015-01-04,4,0.8,0.861679,0.9250338999999983,-0.06335489999999833,Achieved
2015-01-04,9,0.8,0.850569,0.8403139866666681,0.010255013333331897,Achieved
2015-01-04,7,0.8,0.850436,0.8403873066666669,0.010048693333333025,Achieved
2015-01-04,8,0.8,0.850345,0.8367026566666678,0.013642343333332252,Achieved
2015-01-04,4,0.8,0.800598,0.7997393466666675,0.0008586533333325708,Achieved
2015-01-04,1,0.8,0.800319,0.8065981233333337,-0.0062791233333336915,Achieved
2015-01-04,2,0.8,0.800238,0.8008715200000007,-0.0006335200000007202,Achieved
2015-01-04,12,0.8,0.80003,0.8025605066666662,-0.00253050666666621,Achieved
2015-01-04,2,0.8,0.792104,0.7990861166666637,-0.006982116666663707,Below Target
2015-01-04,10,0.7,0.759228,0.7199416133333341,0.03928638666666595,Achieved
2015-01-04,11,0.75,0.750348,0.7404095600000005,0.009938439999999549,Achieved
2015-01-04,3,0.75,0.750243,0.7510318700000034,-0.0007888700000033833,Achieved
2015-01-04,10,0.7,0.699965,0.7001583766666665,-0.00019337666666652265,Below Target
2015-01-04,8,0.8,0.682708,0.6874483866666653,-0.004740386666665319,Below Target
2015-01-04,7,0.8,0.667604,0.6672528066666666,0.0003511933333333328,Below Target
2015-01-04,5,0.7,0.603432,0.575416049999999,0.02801595000000101,Below Target
2015-01-04,11,0.75,0.345833,0.4975105766666659,-0.15167757666666593,Below Target
2015-01-05,1,0.8,0.961059,0.9539849633333353,0.007074036666664729,Achieved
2015-01-05,11,0.8,0.939514,0.9032769166666681,0.036237083333331865,Achieved
2015-01-05,4,0.8,0.893663,0.8721903400000021,0.021472659999997923,Achieved
2015-01-05,3,0.75,0.875391,0.8779920300000013,-0.0026010300000012254,Achieved
2015-01-05,9,0.8,0.850569,0.8546028333333349,-0.004033833333334846,Achieved
2015-01-05,9,0.8,0.820833,0.7697821599999973,0.051050840000002706,Achieved
2015-01-05,2,0.8,0.804417,0.8005020133333329,0.00391498666666712,Achieved
2015-01-05,7,0.8,0.800684,0.8050082166666644,-0.004324216666664493,Achieved
2015-01-05,8,0.8,0.800684,0.806530233333331,-0.005846233333331008,Achieved
2015-01-05,1,0.8,0.800319,0.8057378066666671,-0.005418806666667053,Achieved
2015-01-05,11,0.8,0.800251,0.7969733066666674,0.0032776933333326097,Achieved
2015-01-05,6,0.8,0.800246,0.8007408299999969,-0.0004948299999968375,Achieved
2015-01-05,12,0.8,0.800246,0.8017468899999967,-0.0015008899999966463,Achieved
2015-01-05,2,0.8,0.800077,0.8000043533333291,7.264666667095021e-05,Achieved
2015-01-05,4,0.8,0.800077,0.8000078299999961,6.917000000394857e-05,Achieved
2015-01-05,10,0.75,0.763375,0.7096806899999987,0.053694310000001355,Achieved
2015-01-05,5,0.6,0.759271,0.6785049266666685,0.08076607333333152,Achieved
2015-01-05,10,0.75,0.7504,0.7551441033333319,-0.004744103333331973,Achieved
2015-01-05,3,0.75,0.750243,0.7512494600000036,-0.001006460000003595,Achieved
2015-01-05,7,0.8,0.676667,0.693931963333335,-0.017264963333334937,Below Target
2015-01-05,8,0.8,0.664583,0.6587273733333324,0.005855626666667613,Below Target
2015-01-05,5,0.6,0.600029,0.5923086100000029,0.007720389999997135,Achieved
2015-01-06,4,0.8,0.966781,0.8656781233333358,0.10110287666666418,Achieved
2015-01-06,1,0.8,0.936496,0.9358189866666679,0.0006770133333321438,Achieved
2015-01-06,3,0.75,0.899167,0.8889152166666686,0.010251783333331432,Achieved
2015-01-06,11,0.8,0.888687,0.8599498400000012,0.028737159999998818,Achieved
2015-01-06,9,0.8,0.858144,0.8527079300000021,0.005436069999997906,Achieved
2015-01-06,1,0.8,0.850502,0.8509849566666705,-0.00048295666667053094,Achieved
2015-01-06,9,0.8,0.850502,0.8500378133333365,0.00046418666666347974,Achieved
2015-01-06,10,0.75,0.80964,0.7994635833333351,0.010176416666664911,Achieved
2015-01-06,2,0.8,0.805909,0.815888050000004,-0.009979050000003986,Achieved
2015-01-06,2,0.8,0.800594,0.7998635866666629,0.000730413333337121,Achieved
2015-01-06,4,0.8,0.800594,0.8012154533333296,-0.0006214533333295247,Achieved
2015-01-06,3,0.8,0.800274,0.8010657200000011,-0.0007917200000010505,Achieved
2015-01-06,12,0.8,0.800141,0.8001857333333314,-4.473333333143703e-05,Achieved
2015-01-06,7,0.8,0.800129,0.8122645766666646,-0.01213557666666465,Achieved
2015-01-06,8,0.8,0.800129,0.8043364999999985,-0.004207499999998476,Achieved
2015-01-06,6,0.8,0.800077,0.7985677099999968,0.0015092900000032161,Achieved
2015-01-06,10,0.75,0.750545,0.7569017699999976,-0.006356769999997569,Achieved
2015-01-06,11,0.75,0.750058,0.7457605733333317,0.004297426666668325,Achieved
2015-01-06,8,0.8,0.681061,0.6595527199999998,0.02150828000000027,Below Target
2015-01-06,5,0.65,0.649983,0.6527481499999993,-0.002765149999999328,Below Target
2015-01-06,7,0.8,0.61625,0.6423684333333338,-0.026118433333333857,Below Target
2015-01-07,1,0.8,0.95142,0.9402975766666687,0.011122423333331355,Achieved
2015-01-07,9,0.8,0.88053,0.8604689099999983,0.02006109000000178,Achieved
2015-01-07,1,0.8,0.850502,0.8511636233333372,-0.0006616233333371913,Achieved
2015-01-07,9,0.8,0.850502,0.8493705533333366,0.001131446666663427,Achieved
2015-01-07,8,0.8,0.850137,0.8483073599999954,0.0018296400000046287,Achieved
2015-01-07,3,0.75,0.83,0.8371842466666677,-0.007184246666667726,Achieved
2015-01-07,4,0.8,0.827187,0.8558063800000023,-0.028619380000002304,Achieved
2015-01-07,2,0.8,0.813371,0.8168537233333322,-0.003482723333332216,Achieved
2015-01-07,10,0.75,0.805909,0.7988527100000037,0.007056289999996301,Achieved
2015-01-07,7,0.8,0.80464,0.6748787633333335,0.1297612366666665,Achieved
2015-01-07,2,0.8,0.800594,0.8008853966666634,-0.00029139666666333497,Achieved
2015-01-07,4,0.8,0.800594,0.8027065566666629,-0.0021125566666628792,Achieved
2015-01-07,6,0.8,0.800344,0.8001628499999978,0.00018115000000229475,Achieved
2015-01-07,3,0.8,0.800274,0.8005672833333346,-0.0002932833333345597,Achieved
2015-01-07,12,0.8,0.800247,0.8002320266666707,1.4973333329337812e-05,Achieved
2015-01-07,7,0.8,0.800129,0.8064422766666645,-0.00631327666666448,Achieved
2015-01-07,10,0.75,0.8,0.8062614033333362,-0.006261403333336135,Achieved
2015-01-07,5,0.7,0.700481,0.6959080366666652,0.00457296333333479,Achieved
2015-01-07,8,0.8,0.681061,0.685910913333333,-0.004849913333332956,Below Target
2015-01-07,6,0.8,0.666515,0.8409334933333316,-0.1744184933333316,Below Target
2015-01-07,11,0.8,0.41212,0.5374438599999988,-0.1253238599999988,Below Target
2015-01-07,5,0.7,0.330114,0.4976054699999993,-0.16749146999999925,Below Target
2015-01-08,1,0.8,0.947689,0.9410554900000008,0.006633509999999232,Achieved
2015-01-08,4,0.8,0.919905,0.8910428333333322,0.028862166666667743,Achieved
2015-01-08,9,0.8,0.900216,0.8924662600000008,0.007749739999999172,Achieved
2015-01-08,9,0.8,0.891724,0.8413320166666658,0.05039198333333417,Achieved
2015-01-08,1,0.8,0.850502,0.8508326766666706,-0.00033067666667063733,Achieved
2015-01-08,4,0.8,0.850182,0.8516298233333301,-0.001447823333330156,Achieved
2015-01-08,7,0.8,0.850137,0.8496369199999952,0.0005000800000047878,Achieved
2015-01-08,8,0.8,0.850137,0.8498041999999952,0.0003328000000047959,Achieved
2015-01-08,2,0.8,0.835758,0.8310894933333322,0.004668506666667849,Achieved
2015-01-08,5,0.7,0.821354,0.5410459266666665,0.2803080733333335,Achieved
2015-01-08,2,0.8,0.800497,0.8020462866666699,-0.001549286666669869,Achieved
2015-01-08,3,0.8,0.800274,0.8005636500000013,-0.0002896500000012514,Achieved
2015-01-08,12,0.8,0.800107,0.7932358399999981,0.006871160000001875,Achieved
2015-01-08,6,0.8,0.800025,0.793051790000002,0.0069732099999979535,Achieved
2015-01-08,10,0.75,0.8,0.808807703333336,-0.008807703333335914,Achieved
2015-01-08,10,0.75,0.779792,0.7623153499999981,0.01747665000000198,Achieved
2015-01-08,8,0.8,0.735985,0.7124847999999997,0.023500200000000304,Below Target
2015-01-08,3,0.75,0.712626,0.7808956133333337,-0.0682696133333337,Below Target
2015-01-08,7,0.8,0.681061,0.6841992033333331,-0.003138203333333034,Below Target
2015-01-08,11,0.8,0.515606,0.5509441266666664,-0.03533812666666636,Below Target
2015-01-08,11,0.35,0.349951,0.4234434466666673,-0.07349244666666727,Below Target
2015-01-08,5,0.7,0.233705,0.35498123333333353,-0.12127623333333354,Below Target
2015-01-10,1,0.8,0.985,0.9540680300000041,0.030931969999995923,Achieved
2015-01-10,3,0.75,0.93034,0.8881764966666672,0.04216350333333274,Achieved
2015-01-10,4,0.8,0.91159,0.9085603699999981,0.0030296300000018928,Achieved
2015-01-10,9,0.8,0.858144,0.8311056100000035,0.027038389999996526,Achieved
2015-01-10,9,0.8,0.851174,0.8513923299999978,-0.00021832999999782388,Achieved
2015-01-10,7,0.8,0.850137,0.8471524566666624,0.0029845433333376414,Achieved
2015-01-10,8,0.8,0.850137,0.8501369999999953,4.773959005888173e-15,Achieved
2015-01-10,10,0.8,0.846951,0.6989822466666689,0.14796875333333115,Achieved
2015-01-10,11,0.8,0.817424,0.6505690533333365,0.16685494666666356,Achieved
2015-01-10,2,0.8,0.817102,0.8274045833333349,-0.010302583333334892,Achieved
2015-01-10,4,0.8,0.801028,0.8009030266666654,0.00012497333333461036,Achieved
2015-01-10,2,0.8,0.800594,0.800661439999997,-6.743999999692107e-05,Achieved
2015-01-10,12,0.8,0.800346,0.8002968866666637,4.911333333634804e-05,Achieved
2015-01-10,6,0.8,0.800344,0.8003384733333306,5.526666669419811e-06,Achieved
2015-01-10,1,0.8,0.800117,0.8026958766666673,-0.00257887666666734,Achieved
2015-01-10,10,0.8,0.8,0.8120097366666679,-0.012009736666667825,Achieved
2015-01-10,3,0.75,0.750098,0.7548345100000025,-0.004736510000002414,Achieved
2015-01-10,11,0.5,0.673245,0.5984117133333332,0.07483328666666678,Achieved
2015-01-10,7,0.8,0.670076,0.6535520933333319,0.016523906666668142,Below Target
2015-01-10,8,0.8,0.628883,0.6476230166666669,-0.018740016666666914,Below Target
2015-01-10,5,0.5,0.388008,0.46183756666666614,-0.07382956666666612,Below Target
2015-01-10,5,0.5,0.337973,0.46991236000000186,-0.13193936000000184,Below Target
2015-01-11,3,0.75,0.935322,0.8370016899999989,0.09832031000000108,Achieved
2015-01-11,4,0.8,0.925644,0.8947346800000018,0.03090931999999824,Achieved
2015-01-11,9,0.8,0.900216,0.8930922033333332,0.007123796666666848,Achieved
2015-01-11,1,0.8,0.873068,0.8927618799999975,-0.0196938799999975,Achieved
2015-01-11,9,0.8,0.858144,0.8069562033333365,0.05118779666666351,Achieved
2015-01-11,1,0.8,0.850502,0.849746363333337,0.0007556366666630066,Achieved
2015-01-11,7,0.8,0.850137,0.8347714866666632,0.0153655133333368,Achieved
2015-01-11,8,0.8,0.850137,0.8501373866666619,-3.86666661911228e-07,Achieved
2015-01-11,10,0.8,0.828295,0.6316849233333354,0.19661007666666463,Achieved
2015-01-11,2,0.8,0.820833,0.8238433166666638,-0.003010316666663737,Achieved
2015-01-11,6,0.8,0.800344,0.8003361733333308,7.826666669208393e-06,Achieved
2015-01-11,12,0.8,0.800247,0.8002513166666713,-4.3166666712224355e-06,Achieved
2015-01-11,2,0.8,0.8,0.8000426366666702,-4.2636666670148315e-05,Achieved
2015-01-11,10,0.8,0.8,0.7995317033333357,0.00046829666666436953,Achieved
2015-01-11,3,0.8,0.690183,0.763733526666668,-0.07355052666666806,Below Target
2015-01-11,11,0.8,0.668087,0.6498227500000036,0.01826424999999643,Below Target
2015-01-11,8,0.8,0.653598,0.6404461533333327,0.013151846666667355,Below Target
2015-01-11,5,0.5,0.609138,0.5888240466666679,0.02031395333333208,Achieved
2015-01-11,11,0.6,0.60023,0.6042584500000008,-0.004028450000000738,Achieved
2015-01-11,6,0.8,0.597349,0.6451171033333336,-0.04776810333333359,Below Target
2015-01-11,7,0.8,0.590436,0.6135615766666672,-0.023125576666667258,Below Target
2015-01-11,4,0.8,0.473135,0.48089665333333387,-0.0077616533333338955,Below Target
2015-01-11,5,0.6,0.45298,0.4872598699999999,-0.03427986999999988,Below Target
2015-01-12,1,0.8,0.955151,0.9305261200000001,0.02462487999999985,Achieved
2015-01-12,4,0.35,0.942214,0.906638610000003,0.03557538999999699,Achieved
2015-01-12,3,0.8,0.905455,0.8945446033333309,0.010910396666669153,Achieved
2015-01-12,2,0.8,0.88053,0.8571719166666634,0.023358083333336666,Achieved
2015-01-12,9,0.8,0.858144,0.7590512933333364,0.09909270666666359,Achieved
2015-01-12,1,0.8,0.850522,0.8528954566666683,-0.0023734566666683277,Achieved
2015-01-12,9,0.8,0.850502,0.8515629099999998,-0.0010609099999998595,Achieved
2015-01-12,7,0.8,0.850137,0.8501385599999953,-1.5599999952931043e-06,Achieved
2015-01-12,8,0.8,0.850137,0.8501449699999956,-7.969999995527388e-06,Achieved
2015-01-12,6,0.8,0.817424,0.7505924099999985,0.0668315900000015,Achieved
2015-01-12,5,0.65,0.809564,0.7821759099999994,0.02738809000000053,Achieved
2015-01-12,3,0.8,0.800274,0.7702414700000013,0.030032529999998725,Achieved
2015-01-12,6,0.8,0.800182,0.7999036800000039,0.0002783199999960573,Achieved
2015-01-12,12,0.8,0.800077,0.7973513599999963,0.0027256400000037484,Achieved
2015-01-12,2,0.8,0.8,0.79954886666667,0.0004511333333300227,Achieved
2015-01-12,8,0.8,0.725,0.6646794866666665,0.060320513333333436,Below Target
2015-01-12,10,0.8,0.688558,0.5805894133333335,0.10796858666666653,Below Target
2015-01-12,5,0.65,0.650041,0.55703827,0.09300273000000003,Achieved
2015-01-12,11,0.65,0.649981,0.6475447766666643,0.0024362233333357075,Below Target
2015-01-12,7,0.8,0.648106,0.6639726866666685,-0.015866686666668572,Below Target
2015-01-12,11,0.8,0.640578,0.586079366666669,0.05449863333333094,Below Target
2015-01-12,4,0.35,0.350633,0.3667559566666673,-0.016122956666667354,Achieved
2015-01-12,10,0.8,0.24625,0.4751199700000016,-0.22886997000000162,Below Target
2015-01-13,4,0.35,0.95202,0.9378412833333355,0.014178716666664481,Achieved
2015-01-13,1,0.8,0.95142,0.93784754666667,0.013572453333330015,Achieved
2015-01-13,10,0.8,0.912767,0.8144783566666672,0.09828864333333276,Achieved
2015-01-13,3,0.8,0.901263,0.8853620933333328,0.015900906666667214,Achieved
2015-01-13,9,0.8,0.858144,0.7677229700000032,0.0904210299999968,Achieved
2015-01-13,1,0.8,0.850502,0.850763760000003,-0.00026176000000299737,Achieved
2015-01-13,9,0.8,0.850502,0.8510809700000027,-0.000578970000002732,Achieved
2015-01-13,8,0.8,0.850253,0.8498786733333342,0.00037432666666581405,Achieved
2015-01-13,7,0.8,0.850137,0.8501424266666624,-5.426666662367019e-06,Achieved
2015-01-13,5,0.65,0.821354,0.811929323333337,0.009424676666663023,Achieved
2015-01-13,2,0.8,0.805909,0.8154236500000043,-0.009514650000004288,Achieved
2015-01-13,6,0.8,0.800247,0.8004190100000049,-0.0001720100000048852,Achieved
2015-01-13,12,0.8,0.800247,0.8002455833333378,1.4166666622017487e-06,Achieved
2015-01-13,2,0.8,0.8,0.8000607400000035,-6.074000000344526e-05,Achieved
2015-01-13,3,0.8,0.705577,0.7168467733333354,-0.011269773333335342,Below Target
2015-01-13,8,0.8,0.681061,0.6710625199999984,0.009998480000001586,Below Target
2015-01-13,7,0.8,0.670076,0.6823989633333314,-0.012322963333331383,Below Target
2015-01-13,11,0.8,0.601278,0.6026081766666691,-0.001330176666669125,Below Target
2015-01-13,11,0.7,0.582301,0.6220461200000005,-0.03974512000000052,Below Target
2015-01-13,5,0.7,0.52681,0.5447905133333342,-0.01798051333333417,Below Target
2015-01-13,4,0.5,0.500381,0.5100106300000014,-0.009629630000001388,Achieved
2015-01-13,10,0.35,0.350206,0.3580275100000002,-0.007821510000000198,Achieved
2015-01-14,11,0.8,0.934607,0.8107342166666676,0.1238727833333324,Achieved
2015-01-14,4,0.35,0.908081,0.8199077833333362,0.08817321666666378,Achieved
2015-01-14,7,0.8,0.900145,0.8645245166666656,0.03562048333333434,Achieved
2015-01-14,1,0.8,0.891724,0.8845907600000036,0.007133239999996377,Achieved
2015-01-14,5,0.65,0.864583,0.8808753400000029,-0.016292340000002903,Achieved
2015-01-14,9,0.8,0.858144,0.7289268600000024,0.12921713999999762,Achieved
2015-01-14,9,0.8,0.850502,0.8510641666666696,-0.000562166666669639,Achieved
2015-01-14,8,0.8,0.850137,0.8501433866666623,-6.386666662305807e-06,Achieved
2015-01-14,7,0.8,0.837595,0.7724670466666629,0.0651279533333371,Achieved
2015-01-14,3,0.8,0.820833,0.7567238033333353,0.0641091966666647,Achieved
2015-01-14,12,0.8,0.800313,0.8002557733333299,5.7226666670184834e-05,Achieved
2015-01-14,6,0.8,0.800247,0.7998916766666702,0.0003553233333298822,Achieved
2015-01-14,1,0.8,0.800117,0.8015290933333339,-0.0014120933333339192,Achieved
2015-01-14,5,0.7,0.700096,0.6487183833333348,0.05137761666666529,Achieved
2015-01-14,8,0.8,0.66733,0.7023005533333314,-0.03497055333333143,Below Target
2015-01-14,4,0.6,0.60037,0.5934285133333326,0.006941486666667385,Achieved
2015-01-14,10,0.5,0.49998,0.4908562466666646,0.009123753333335372,Below Target
2015-01-14,11,0.35,0.350031,0.36405792333333403,-0.014026923333334052,Achieved
2015-01-14,10,0.8,0.332359,0.43469770999999857,-0.10233870999999856,Below Target
2015-01-14,2,0.8,0.311207,0.4039794133333329,-0.09277241333333291,Below Target
2015-01-14,2,0.8,0.247316,0.45715616333333287,-0.20984016333333286,Below Target
2015-01-15,4,0.35,0.988636,0.9175375900000035,0.0710984099999965,Achieved
2015-01-15,10,0.8,0.95311,0.8005420966666678,0.15256790333333226,Achieved
2015-01-15,1,0.8,0.884261,0.9098387566666695,-0.025577756666669504,Achieved
2015-01-15,5,0.65,0.860653,0.8436384566666716,0.017014543333328414,Achieved
2015-01-15,9,0.8,0.858144,0.8418599833333371,0.016284016666662904,Achieved
2015-01-15,1,0.8,0.850502,0.850283110000004,0.0002188899999959748,Achieved
2015-01-15,8,0.8,0.850416,0.8365938366666639,0.01382216333333608,Achieved
2015-01-15,7,0.8,0.850137,0.8468170999999963,0.003319900000003706,Achieved
2015-01-15,9,0.8,0.800117,0.8069944633333338,-0.006877463333333833,Achieved
2015-01-15,6,0.8,0.800031,0.7994318233333302,0.000599176666669865,Achieved
2015-01-15,12,0.8,0.800031,0.8005964066666637,-0.0005654066666636037,Achieved
2015-01-15,5,0.7,0.70006,0.6010399033333331,0.09902009666666689,Achieved
2015-01-15,7,0.8,0.689299,0.7050496266666674,-0.015750626666667378,Below Target
2015-01-15,3,0.5,0.660683,0.6058698200000021,0.05481317999999791,Achieved
2015-01-15,4,0.65,0.650131,0.6425603199999976,0.007570680000002383,Achieved
2015-01-15,8,0.8,0.606913,0.683276706666667,-0.07636370666666692,Below Target
2015-01-15,10,0.6,0.600292,0.5524486766666662,0.047843323333333854,Achieved
2015-01-15,11,0.5,0.500025,0.5147181033333313,-0.014693103333331292,Achieved
2015-01-15,2,0.5,0.499999,0.5291531100000008,-0.029154110000000732,Below Target
2015-01-17,5,0.65,0.987197,0.932576406666668,0.054620593333332024,Achieved
2015-01-17,2,0.8,0.980909,0.9292611266666652,0.05164787333333487,Achieved
2015-01-17,10,0.8,0.974621,0.8458659633333372,0.12875503666666277,Achieved
2015-01-17,1,0.8,0.884261,0.898150093333336,-0.013889093333335989,Achieved
2015-01-17,9,0.8,0.826803,0.7874202333333352,0.03938276666666474,Achieved
2015-01-17,6,0.8,0.800344,0.8005023333333311,-0.00015833333333103994,Achieved
2015-01-17,12,0.8,0.800247,0.8002553833333379,-8.383333337858012e-06,Achieved
2015-01-17,7,0.8,0.800129,0.8028100866666649,-0.002681086666664889,Achieved
2015-01-17,8,0.8,0.800129,0.8041539233333316,-0.004024923333331598,Achieved
2015-01-17,1,0.8,0.800117,0.7540676900000004,0.046049309999999566,Achieved
2015-01-17,9,0.8,0.800117,0.8054926366666669,-0.005375636666666961,Achieved
2015-01-17,2,0.6,0.770114,0.5353504866666666,0.23476351333333334,Achieved
2015-01-17,4,0.7,0.700542,0.7335063799999988,-0.032964379999998794,Achieved
2015-01-17,8,0.8,0.675568,0.6711798433333325,0.004388156666667475,Below Target
2015-01-17,7,0.8,0.661837,0.6777434833333323,-0.015906483333332333,Below Target
2015-01-17,10,0.65,0.650199,0.6491424966666633,0.0010565033333366225,Achieved
2015-01-17,3,0.6,0.600292,0.5820992600000005,0.018192739999999596,Achieved
2015-01-17,11,0.6,0.600273,0.6101058899999978,-0.009832889999997874,Achieved
2015-01-17,6,0.8,0.465758,0.7040634399999989,-0.23830543999999887,Below Target
2015-01-17,5,0.7,0.452013,0.4766285666666648,-0.024615566666664812,Below Target
2015-01-17,11,0.8,0.313853,0.7083846700000006,-0.3945316700000006,Below Target
2015-01-18,5,0.6,0.852794,0.7951864466666645,0.05760755333333556,Achieved
2015-01-18,11,0.65,0.838384,0.726319519999998,0.11206448000000202,Achieved
2015-01-18,6,0.8,0.804848,0.8076828233333312,-0.0028348233333311823,Achieved
2015-01-18,6,0.8,0.800344,0.8003270866666643,1.6913333335755176e-05,Achieved
2015-01-18,7,0.8,0.800129,0.7494291866666658,0.050699813333334176,Achieved
2015-01-18,8,0.8,0.800129,0.8039538833333318,-0.0038248833333318633,Achieved
2015-01-18,9,0.8,0.800015,0.7987163033333338,0.0012986966666662658,Achieved
2015-01-18,4,0.7,0.700542,0.7318838699999984,-0.03134186999999844,Achieved
2015-01-18,10,0.7,0.700094,0.7018831500000025,-0.0017891500000024596,Achieved
2015-01-18,7,0.8,0.692045,0.6651669300000005,0.026878069999999532,Below Target
2015-01-18,12,0.8,0.662256,0.7139023766666701,-0.05164637666667016,Below Target
2015-01-18,3,0.65,0.650417,0.6577201500000008,-0.007303150000000813,Achieved
2015-01-18,11,0.65,0.6503,0.6462316533333308,0.00406834666666922,Achieved
2015-01-18,2,0.65,0.650244,0.6475767099999973,0.0026672900000027644,Achieved
2015-01-18,8,0.8,0.639867,0.6533949533333344,-0.013527953333334453,Below Target
2015-01-18,5,0.6,0.600063,0.595242816666669,0.004820183333331007,Achieved
2015-01-18,9,0.8,0.582045,0.6735424966666648,-0.09149749666666473,Below Target
2015-01-18,1,0.8,0.403242,0.48475032666666834,-0.08150832666666835,Below Target
2015-01-18,10,0.7,0.235795,0.3556518466666659,-0.11985684666666588,Below Target
2015-01-19,4,0.7,0.977273,0.8795601133333321,0.09771288666666789,Achieved
2015-01-19,9,0.8,0.964106,0.6841453899999996,0.2799606100000004,Achieved
2015-01-19,5,0.65,0.958902,0.9265607999999992,0.03234120000000085,Achieved
2015-01-19,6,0.8,0.800359,0.8006165966666643,-0.0002575966666642504,Achieved
2015-01-19,8,0.8,0.800163,0.7992229499999987,0.0009400500000013023,Achieved
2015-01-19,9,0.8,0.800117,0.803487906666667,-0.0033709066666670617,Achieved
2015-01-19,12,0.8,0.793845,0.7674807000000022,0.026364299999997787,Below Target
2015-01-19,2,0.7,0.750518,0.7283396566666667,0.02217834333333335,Achieved
2015-01-19,4,0.7,0.750068,0.7495967699999992,0.0004712300000007108,Achieved
2015-01-19,3,0.7,0.750063,0.7370465599999984,0.013016440000001683,Achieved
2015-01-19,10,0.7,0.750057,0.7448275233333322,0.005229476666667732,Achieved
2015-01-19,11,0.7,0.70017,0.6992902900000028,0.0008797099999972025,Achieved
2015-01-19,8,0.8,0.683807,0.6707900133333349,0.013016986666665176,Below Target
2015-01-19,5,0.65,0.650066,0.6541228933333325,-0.004056893333332479,Achieved
2015-01-19,7,0.8,0.57646,0.5914633199999992,-0.015003319999999265,Below Target
2015-01-19,1,0.5,0.549969,0.5819784433333348,-0.032009443333334775,Achieved
2015-01-19,10,0.7,0.5384,0.4892148166666651,0.04918518333333488,Below Target
2015-01-19,11,0.7,0.409545,0.46759535666666524,-0.05805035666666525,Below Target
2015-01-19,12,0.35,0.350218,0.371341573333333,-0.021123573333333034,Achieved
2015-01-20,5,0.7,1.03357,0.9311976599999986,0.1023723400000015,Achieved
2015-01-20,6,0.8,0.800261,0.8002976666666681,-3.666666666812812e-05,Achieved
2015-01-20,8,0.8,0.800129,0.8021393499999984,-0.0020103499999983843,Achieved
2015-01-20,9,0.8,0.800117,0.7987458166666667,0.0013711833333333034,Achieved
2015-01-20,4,0.7,0.750068,0.7527753133333325,-0.0027073133333325172,Achieved
2015-01-20,10,0.7,0.750057,0.750499523333332,-0.0004425233333320566,Achieved
2015-01-20,3,0.7,0.750038,0.7385478299999981,0.011490170000001854,Achieved
2015-01-20,2,0.7,0.750032,0.7357002766666658,0.014331723333334212,Achieved
2015-01-20,9,0.8,0.728303,0.7158792933333344,0.01242370666666559,Below Target
2015-01-20,11,0.7,0.70017,0.6994563866666696,0.0007136133333303096,Achieved
2015-01-20,5,0.7,0.700064,0.7041765033333327,-0.004112503333332684,Achieved
2015-01-20,8,0.8,0.639867,0.6518291200000017,-0.011962120000001741,Below Target
2015-01-20,12,0.5,0.50029,0.4933346700000019,0.006955329999998094,Achieved
2015-01-20,7,0.35,0.400333,0.41502755333333496,-0.01469455333333497,Achieved
2015-01-20,11,0.7,0.362667,0.49393083999999976,-0.13126383999999974,Below Target
2015-01-21,4,0.75,0.978526,0.7964554166666677,0.18207058333333226,Achieved
2015-01-21,2,0.7,0.912202,0.8585789366666681,0.05362306333333189,Achieved
2015-01-21,4,0.75,0.900556,0.8991240066666653,0.001431993333334769,Achieved
2015-01-21,6,0.8,0.850411,0.8574382633333322,-0.0070272633333321455,Achieved
2015-01-21,9,0.8,0.827147,0.7883924833333319,0.03875451666666807,Achieved
2015-01-21,8,0.8,0.800437,0.7824977566666645,0.01793924333333541,Achieved
2015-01-21,2,0.7,0.800416,0.795367943333338,0.005048056666661971,Achieved
2015-01-21,10,0.7,0.800021,0.7739218699999975,0.026099130000002524,Achieved
2015-01-21,5,0.7,0.758173,0.7809008033333333,-0.022727803333333352,Achieved
2015-01-21,5,0.7,0.750345,0.6989362033333342,0.05140879666666587,Achieved
2015-01-21,3,0.7,0.750068,0.7569439766666661,-0.006875976666666173,Achieved
2015-01-21,11,0.7,0.70017,0.6701499000000013,0.030020099999998662,Achieved
2015-01-21,1,0.65,0.70003,0.6803568666666658,0.019673133333334203,Achieved
2015-01-21,12,0.6,0.600173,0.5732214766666679,0.02695152333333206,Achieved
2015-01-21,8,0.8,0.594872,0.6119458466666673,-0.017073846666667336,Below Target
2015-01-21,9,0.8,0.520238,0.5010325133333329,0.019205486666667104,Below Target
2015-01-21,1,0.65,0.505128,0.6094819900000026,-0.10435399000000256,Below Target
2015-01-21,7,0.5,0.500241,0.5035473400000001,-0.0033063400000000742,Achieved
2015-01-21,11,0.7,0.470769,0.5165112033333329,-0.0457422033333329,Below Target
2015-01-22,7,0.6,0.957639,0.8137601566666662,0.14387884333333378,Achieved
2015-01-22,10,0.75,0.940701,0.8582333299999977,0.08246767000000232,Achieved
2015-01-22,4,0.75,0.849984,0.8503664433333357,-0.00038244333333570246,Achieved
2015-01-22,2,0.7,0.800303,0.795496250000005,0.004806749999994975,Achieved
2015-01-22,6,0.8,0.800192,0.8008770666666696,-0.0006850666666695648,Achieved
2015-01-22,10,0.75,0.800021,0.7851459466666647,0.014875053333335275,Achieved
2015-01-22,1,0.7,0.750162,0.7867363233333372,-0.03657432333333721,Achieved
2015-01-22,3,0.7,0.750068,0.7597678399999996,-0.009699839999999682,Achieved
2015-01-22,5,0.7,0.742901,0.7320043466666646,0.010896653333335449,Achieved
2015-01-22,5,0.7,0.700251,0.6936826900000004,0.0065683099999995775,Achieved
2015-01-22,11,0.7,0.70017,0.6609245400000009,0.039245459999999066,Achieved
2015-01-22,4,0.75,0.670216,0.7276795266666692,-0.05746352666666921,Below Target
2015-01-22,1,0.7,0.649662,0.6418778400000035,0.007784159999996487,Below Target
2015-01-22,2,0.7,0.649662,0.6446647700000034,0.004997229999996522,Below Target
2015-01-22,6,0.8,0.626823,0.5498762300000006,0.07694676999999939,Below Target
2015-01-22,12,0.6,0.600436,0.5837736966666679,0.016662303333332074,Achieved
2015-01-22,7,0.6,0.600414,0.5879250633333338,0.012488936666666173,Achieved
2015-01-22,8,0.8,0.5555,0.5928765466666648,-0.03737654666666479,Below Target
2015-01-22,9,0.5,0.500548,0.5097959966666664,-0.009247996666666425,Achieved
2015-01-22,3,0.7,0.460579,0.5629159666666655,-0.10233696666666553,Below Target
2015-01-22,8,0.8,0.397743,0.45719884000000044,-0.059455840000000426,Below Target
2015-01-22,12,0.6,0.327407,0.4611784899999983,-0.13377148999999827,Below Target
2015-01-24,5,0.7,0.966667,0.9497241266666647,0.01694287333333533,Achieved
2015-01-24,10,0.75,0.937242,0.8343671400000007,0.10287485999999935,Achieved
2015-01-24,8,0.8,0.910522,0.7984453499999955,0.11207665000000455,Achieved
2015-01-24,2,0.75,0.900648,0.920292169999996,-0.019644169999995964,Achieved
2015-01-24,4,0.75,0.900321,0.9021284899999984,-0.0018074899999983574,Achieved
2015-01-24,11,0.75,0.896023,0.8520885033333372,0.043934496666662826,Achieved
2015-01-24,3,0.75,0.895455,0.8195723000000003,0.07588269999999975,Achieved
2015-01-24,7,0.65,0.870581,0.8344029699999973,0.03617803000000275,Achieved
2015-01-24,12,0.7,0.858586,0.7902988233333352,0.06828717666666473,Achieved
2015-01-24,1,0.7,0.800644,0.799310773333336,0.0013332266666640225,Achieved
2015-01-24,10,0.75,0.80063,0.805718233333336,-0.0050882333333360785,Achieved
2015-01-24,6,0.8,0.800537,0.8004478366666657,8.916333333430781e-05,Achieved
2015-01-24,3,0.75,0.800352,0.8172366733333356,-0.016884673333335654,Achieved
2015-01-24,12,0.75,0.750079,0.7518069266666659,-0.00172792666666588,Achieved
2015-01-24,11,0.75,0.750041,0.7216131433333347,0.028427856666665252,Achieved
2015-01-24,5,0.7,0.700251,0.6990970700000014,0.0011539299999985264,Achieved
2015-01-24,4,0.75,0.651515,0.7387031666666654,-0.0871881666666654,Below Target
2015-01-24,7,0.65,0.650417,0.631975793333332,0.018441206666668042,Achieved
2015-01-24,9,0.6,0.600125,0.5509955200000008,0.04912947999999917,Achieved
2015-01-24,2,0.75,0.578314,0.6905934466666694,-0.11227944666666945,Below Target
2015-01-24,1,0.7,0.578314,0.6792344700000037,-0.1009204700000037,Below Target
2015-01-24,8,0.35,0.34999,0.3764821800000013,-0.026492180000001253,Below Target
2015-01-24,9,0.6,0.261174,0.3924802266666646,-0.13130622666666458,Below Target
2015-01-25,5,0.7,0.973797,0.9568104466666627,0.016986553333337318,Achieved
2015-01-25,2,0.75,0.970076,0.8766946666666701,0.09338133333332999,Achieved
2015-01-25,1,0.7,0.970076,0.8360708900000038,0.13400510999999626,Achieved
2015-01-25,3,0.75,0.961785,0.9575325533333328,0.004252446666667242,Achieved
2015-01-25,10,0.75,0.955151,0.8199486533333322,0.13520234666666775,Achieved
2015-01-25,4,0.75,0.95202,0.8998836766666681,0.05213632333333185,Achieved
2015-01-25,4,0.75,0.900321,0.9001242033333317,0.00019679666666838624,Achieved
2015-01-25,2,0.75,0.850224,0.8499341566666639,0.0002898433333360373,Achieved
2015-01-25,1,0.7,0.80091,0.8025882700000027,-0.0016782700000026463,Achieved
2015-01-25,3,0.75,0.800513,0.795722343333332,0.004790656666668003,Achieved
2015-01-25,6,0.8,0.800386,0.8010399166666686,-0.0006539166666685858,Achieved
2015-01-25,10,0.75,0.800021,0.8056894799999973,-0.005668479999997311,Achieved
2015-01-25,7,0.65,0.749188,0.7801250966666659,-0.030937096666665886,Achieved
2015-01-25,7,0.7,0.700542,0.6877391333333336,0.012802866666666413,Achieved
2015-01-25,12,0.7,0.700437,0.6905054899999977,0.009931510000002253,Achieved
2015-01-25,5,0.7,0.700251,0.7005088400000014,-0.00025784000000139695,Achieved
2015-01-25,9,0.65,0.650408,0.634927039999999,0.015480960000000987,Achieved
2015-01-25,12,0.7,0.618182,0.7944942033333352,-0.1763122033333352,Below Target
2015-01-25,11,0.75,0.591142,0.6105059333333323,-0.019363933333332306,Below Target
2015-01-25,8,0.5,0.500062,0.49389542333333375,0.006166576666666257,Achieved
2015-01-25,8,0.8,0.329545,0.4144773066666662,-0.08493230666666624,Below Target
2015-01-26,3,0.75,1.059621,1.0037177866666638,0.055903213333336144,Achieved
2015-01-26,10,0.75,0.997792,0.8208510399999993,0.1769409600000007,Achieved
2015-01-26,4,0.75,0.9637,0.9304066266666661,0.03329337333333393,Achieved
2015-01-26,5,0.7,0.959192,0.9519945733333318,0.007197426666668227,Achieved
2015-01-26,2,0.75,0.910379,0.9312411233333345,-0.02086212333333448,Achieved
2015-01-26,1,0.7,0.910379,0.8897398366666694,0.0206391633333306,Achieved
2015-01-26,4,0.8,0.850313,0.8445387266666657,0.0057742733333342455,Achieved
2015-01-26,6,0.8,0.800386,0.801402813333335,-0.0010168133333349205,Achieved
2015-01-26,3,0.75,0.800352,0.8170915833333343,-0.016739583333334362,Achieved
2015-01-26,2,0.75,0.800034,0.8002251933333355,-0.00019119333333550426,Achieved
2015-01-26,1,0.7,0.800023,0.7945808166666705,0.0054421833333295755,Achieved
2015-01-26,10,0.75,0.800021,0.7875895466666636,0.012431453333336395,Achieved
2015-01-26,12,0.7,0.769293,0.7677449066666688,0.0015480933333311686,Achieved
2015-01-26,5,0.75,0.750031,0.7638195233333357,-0.01378852333333569,Achieved
2015-01-26,9,0.7,0.700614,0.7004179833333345,0.00019601666666546613,Achieved
2015-01-26,12,0.7,0.700437,0.6895294299999973,0.010907570000002642,Achieved
2015-01-26,7,0.65,0.646307,0.6666523400000006,-0.020345340000000656,Below Target
2015-01-26,8,0.6,0.600143,0.5895182300000014,0.010624769999998618,Achieved
2015-01-26,11,0.35,0.350067,0.3633904033333328,-0.013323403333332762,Achieved
2015-01-27,2,0.75,1.00023,0.9942518799999941,0.00597812000000586,Achieved
2015-01-27,3,0.75,1.00023,0.9945813633333282,0.0056486366666717025,Achieved
2015-01-27,10,0.8,0.979528,0.8445736366666655,0.13495436333333444,Achieved
2015-01-27,4,0.8,0.940625,0.9267518000000031,0.013873199999996921,Achieved
2015-01-27,5,0.5,0.926389,0.9020434166666661,0.02434558333333392,Achieved
2015-01-27,10,0.8,0.90013,0.882762206666663,0.017367793333336934,Achieved
2015-01-27,3,0.75,0.861875,0.9043508866666679,-0.042475886666667906,Achieved
2015-01-27,4,0.8,0.850313,0.8447846866666663,0.005528313333333701,Achieved
2015-01-27,8,0.65,0.845458,0.7787973233333351,0.06666067666666498,Achieved
2015-01-27,12,0.7,0.823556,0.7890143399999988,0.03454166000000114,Achieved
2015-01-27,7,0.5,0.803542,0.7060835366666631,0.09745846333333685,Achieved
2015-01-27,1,0.75,0.800263,0.7969314900000009,0.003331509999999094,Achieved
2015-01-27,2,0.75,0.788,0.8029865900000035,-0.014986590000003464,Achieved
2015-01-27,1,0.75,0.77815,0.8173676633333374,-0.03921766333333743,Achieved
2015-01-27,9,0.7,0.700386,0.7099498100000015,-0.009563810000001505,Achieved
2015-01-27,12,0.7,0.700165,0.6904713299999976,0.00969367000000243,Achieved
2015-01-27,8,0.65,0.650307,0.6420494933333325,0.008257506666667469,Achieved
2015-01-27,6,0.8,0.622828,0.633925616666666,-0.011097616666665977,Below Target
2015-01-27,6,0.8,0.6225,0.5500942866666676,0.07240571333333246,Below Target
2015-01-27,5,0.5,0.500035,0.5110040966666651,-0.010969096666665124,Achieved
2015-01-27,11,0.5,0.370467,0.4072867733333341,-0.03681977333333408,Below Target
2015-01-28,2,0.8,1.00023,0.9803209833333286,0.01990901666667133,Achieved
2015-01-28,3,0.8,1.00023,0.9969164266666614,0.003313573333338593,Achieved
2015-01-28,6,0.35,0.977556,0.8984899266666654,0.0790660733333346,Achieved
2015-01-28,1,0.75,0.9456,0.8947553333333387,0.05084466666666132,Achieved
2015-01-28,2,0.8,0.902222,0.9008317366666652,0.001390263333334807,Achieved
2015-01-28,10,0.8,0.850532,0.8202841766666668,0.0302478233333332,Achieved
2015-01-28,1,0.75,0.850362,0.853342606666663,-0.0029806066666629993,Achieved
2015-01-28,10,0.8,0.840533,0.846170576666665,-0.0056375766666649785,Achieved
2015-01-28,5,0.6,0.800534,0.7345166466666663,0.0660173533333337,Achieved
2015-01-28,4,0.8,0.80049,0.8075618066666651,-0.00707180666666507,Achieved
2015-01-28,12,0.75,0.755556,0.7988436566666706,-0.04328765666667056,Achieved
2015-01-28,9,0.7,0.750593,0.7619099033333344,-0.01131690333333446,Achieved
2015-01-28,12,0.75,0.750283,0.7513386933333307,-0.001055693333330665,Achieved
2015-01-28,4,0.8,0.722639,0.926048623333336,-0.203409623333336,Below Target
2015-01-28,8,0.65,0.553333,0.6457700100000011,-0.09243701000000115,Below Target
2015-01-28,11,0.5,0.500567,0.5141636866666656,-0.01359668666666558,Achieved
2015-01-28,8,0.7,0.467693,0.4697113599999983,-0.002018359999998276,Below Target
2015-01-28,6,0.35,0.437995,0.446952213333334,-0.008957213333333991,Achieved
2015-01-28,7,0.6,0.406354,0.49312858999999726,-0.08677458999999726,Below Target
2015-01-28,7,0.6,0.285333,0.3486360266666656,-0.0633030266666656,Below Target
2015-01-28,11,0.5,0.259375,0.42251004333333436,-0.16313504333333434,Below Target
2015-01-29,2,0.8,1.00023,0.9977382699999939,0.0024917300000060205,Achieved
2015-01-29,4,0.8,0.989,0.9389082800000011,0.05009171999999884,Achieved
2015-01-29,3,0.8,0.950186,0.9690142699999984,-0.018828269999998426,Achieved
2015-01-29,4,0.8,0.9008,0.9003073266666689,0.0004926733333311395,Achieved
2015-01-29,10,0.8,0.90013,0.899562043333331,0.0005679566666689784,Achieved
2015-01-29,6,0.5,0.899,0.8570617400000006,0.04193825999999945,Achieved
2015-01-29,8,0.65,0.877552,0.7963883600000023,0.08116363999999765,Achieved
2015-01-29,11,0.6,0.864583,0.6990873500000023,0.16549564999999766,Achieved
2015-01-29,10,0.8,0.85695,0.859254913333336,-0.002304913333336045,Achieved
2015-01-29,1,0.75,0.853667,0.8615802366666687,-0.007913236666668766,Achieved
2015-01-29,1,0.75,0.850362,0.8543585233333296,-0.003996523333329671,Achieved
2015-01-29,9,0.7,0.85017,0.7997828699999989,0.05038713000000106,Achieved
2015-01-29,5,0.65,0.800474,0.7869835566666677,0.01349044333333227,Achieved
2015-01-29,2,0.8,0.773333,0.8170658933333359,-0.043732893333335854,Below Target
2015-01-29,12,0.75,0.750647,0.7519440433333291,-0.0012970433333291398,Achieved
2015-01-29,12,0.75,0.634667,0.8108562266666706,-0.17618922666667058,Below Target
2015-01-29,11,0.6,0.600598,0.6234577233333327,-0.02285972333333275,Achieved
2015-01-29,6,0.5,0.500118,0.5131604933333317,-0.01304249333333174,Achieved
2015-01-29,3,0.8,0.4925,0.6582006866666696,-0.16570068666666965,Below Target
2015-01-29,7,0.65,0.48792,0.48216274333333453,0.005757256666665489,Below Target
2015-01-31,3,0.8,1.000458,0.991870403333333,0.008587596666667086,Achieved
2015-01-31,2,0.8,1.00023,0.9964570799999952,0.0037729200000047314,Achieved
2015-01-31,2,0.8,0.971867,0.9291358833333337,0.04273111666666629,Achieved
2015-01-31,3,0.8,0.971867,0.8685952133333357,0.10327178666666437,Achieved
2015-01-31,4,0.8,0.971867,0.9608826766666664,0.010984323333333657,Achieved
2015-01-31,10,0.8,0.971867,0.9052323766666679,0.06663462333333214,Achieved
2015-01-31,1,0.75,0.971867,0.9306491133333334,0.04121788666666659,Achieved
2015-01-31,9,0.75,0.971867,0.8263876600000021,0.14547933999999796,Achieved
2015-01-31,12,0.75,0.971867,0.9017684266666686,0.07009857333333147,Achieved
2015-01-31,5,0.7,0.971867,0.8947047800000016,0.0771622199999984,Achieved
2015-01-31,7,0.7,0.971867,0.8608824966666674,0.11098450333333265,Achieved
2015-01-31,8,0.65,0.971867,0.8425459800000026,0.12932101999999746,Achieved
2015-01-31,11,0.65,0.971867,0.8748131333333349,0.09705386666666516,Achieved
2015-01-31,6,0.6,0.971867,0.9126229300000006,0.05924406999999943,Achieved
2015-01-31,10,0.8,0.920237,0.9339497066666644,-0.013712706666664465,Achieved
2015-01-31,4,0.8,0.900537,0.9002246766666705,0.0003123233333295339,Achieved
2015-01-31,9,0.75,0.850611,0.853512519999995,-0.0029015199999949948,Achieved
2015-01-31,1,0.75,0.850362,0.8558333866666633,-0.005471386666663358,Achieved
2015-01-31,12,0.75,0.750647,0.7619484499999959,-0.011301449999995938,Achieved
2015-01-31,5,0.7,0.656764,0.6662048066666678,-0.0094408066666678,Below Target
2015-01-31,11,0.65,0.650148,0.6873422333333324,-0.037194233333332494,Achieved
2015-01-31,6,0.6,0.600711,0.6016060333333323,-0.0008950333333322957,Achieved
2015-01-31,7,0.7,0.38883,0.44614693666666644,-0.05731693666666643,Below Target
2015-01-31,8,0.5,0.286985,0.3860798266666658,-0.0990948266666658,Below Target
2015-02-01,8,0.65,1.011562,0.8598158999999994,0.15174610000000066,Achieved
2015-02-01,2,0.8,1.000671,0.9988063600000048,0.00186463999999531,Achieved
2015-02-01,1,0.8,1.000402,0.99767505666667,0.002726943333330012,Achieved
2015-02-01,1,0.75,0.950439,0.84091533333333,0.10952366666667002,Achieved
2015-02-01,3,0.8,0.950186,0.9559963233333323,-0.005810323333332312,Achieved
2015-02-01,2,0.8,0.912767,0.8967945800000007,0.01597241999999932,Achieved
2015-02-01,7,0.7,0.892194,0.7956663233333313,0.09652767666666873,Achieved
2015-02-01,10,0.8,0.8865,0.8611701766666706,0.025329823333329338,Achieved
2015-02-01,10,0.8,0.850532,0.8625356933333292,-0.01200369333332929,Achieved
2015-02-01,4,0.8,0.850114,0.823103583333334,0.027010416666666037,Achieved
2015-02-01,4,0.8,0.845069,0.8532778633333313,-0.008208863333331373,Achieved
2015-02-01,9,0.75,0.750593,0.7512908766666682,-0.0006978766666682068,Achieved
2015-02-01,12,0.75,0.750451,0.7511289499999991,-0.0006779499999991501,Achieved
2015-02-01,12,0.75,0.702667,0.7225486599999982,-0.019881659999998136,Below Target
2015-02-01,11,0.7,0.700509,0.7086901500000014,-0.008181150000001303,Achieved
2015-02-01,6,0.65,0.651007,0.6527070133333329,-0.001700013333332917,Achieved
2015-02-01,8,0.6,0.466821,0.43300805666666603,0.033812943333333956,Below Target
2015-02-01,7,0.7,0.411554,0.4141124499999995,-0.002558449999999546,Below Target
2015-02-01,6,0.6,0.314167,0.47738189999999897,-0.163214899999999,Below Target
2015-02-02,1,0.8,1.000602,0.9824490100000025,0.018152989999997482,Achieved
2015-02-02,9,0.75,0.994271,0.8847299733333328,0.10954102666666721,Achieved
2015-02-02,2,0.8,0.900158,0.8991668100000013,0.0009911899999986984,Achieved
2015-02-02,3,0.8,0.900142,0.8935715666666639,0.006570433333336068,Achieved
2015-02-02,10,0.8,0.90013,0.9052437666666644,-0.00511376666666441,Achieved
2015-02-02,10,0.8,0.85695,0.8527228933333375,0.0042271066666624835,Achieved
2015-02-02,4,0.8,0.809236,0.8431496199999984,-0.03391361999999842,Achieved
2015-02-02,12,0.8,0.800402,0.7972672299999972,0.003134770000002729,Achieved
2015-02-02,4,0.8,0.800393,0.7992643466666707,0.0011286533333293436,Achieved
2015-02-02,9,0.75,0.799963,0.7879130699999984,0.01204993000000154,Achieved
2015-02-02,12,0.75,0.740444,0.7430872733333309,-0.00264327333333092,Below Target
2015-02-02,11,0.7,0.700398,0.6726462133333335,0.027751786666666445,Achieved
2015-02-02,6,0.7,0.700355,0.6727709000000011,0.02758409999999889,Achieved
2015-02-02,8,0.65,0.561979,0.6840947066666668,-0.12211570666666682,Below Target
2015-02-02,1,0.75,0.504596,0.6210368633333329,-0.11644086333333281,Below Target
2015-02-02,5,0.5,0.500802,0.48326251666666403,0.017539483333335937,Achieved
2015-02-02,7,0.7,0.295308,0.3759969200000013,-0.08068892000000127,Below Target
2015-02-02,6,0.6,0.280333,0.5393628999999992,-0.2590298999999992,Below Target
2015-02-02,8,0.65,0.260979,0.32801538666666785,-0.06703638666666784,Below Target
2015-02-03,2,0.8,1.001417,0.9793683000000022,0.02204869999999781,Achieved
2015-02-03,1,0.8,1.000019,1.0016098966666704,-0.0015908966666704494,Achieved
2015-02-03,10,0.8,0.999995,0.9533721633333323,0.046622836666667666,Achieved
2015-02-03,1,0.8,0.99485,0.9613206633333355,0.03352933666666447,Achieved
2015-02-03,8,0.7,0.976979,0.8736173500000003,0.10336164999999975,Achieved
2015-02-03,3,0.8,0.950186,0.9563256266666655,-0.006139626666665565,Achieved
2015-02-03,2,0.8,0.949982,0.9749210933333348,-0.024939093333334772,Achieved
2015-02-03,9,0.75,0.919955,0.8763423966666632,0.04361260333333672,Achieved
2015-02-03,4,0.8,0.800435,0.7921382866666635,0.00829671333333648,Achieved
2015-02-03,12,0.8,0.800259,0.8010939866666691,-0.0008349866666690353,Achieved
2015-02-03,12,0.8,0.778222,0.8158012666666669,-0.03757926666666689,Below Target
2015-02-03,9,0.75,0.750593,0.7514872800000016,-0.0008942800000016904,Achieved
2015-02-03,11,0.7,0.700514,0.7092505599999991,-0.008736559999999116,Achieved
2015-02-03,6,0.7,0.700185,0.6997531366666645,0.00043186333333544713,Achieved
2015-02-03,8,0.7,0.586465,0.43166209666666666,0.15480290333333335,Below Target
2015-02-03,7,0.7,0.541518,0.5024676799999993,0.03905032000000075,Below Target
2015-02-03,4,0.8,0.5375,0.8778736699999993,-0.3403736699999993,Below Target
2015-02-03,6,0.7,0.495417,0.6471712666666657,-0.1517542666666657,Below Target
2015-02-03,5,0.6,0.415172,0.45405651666666613,-0.03888451666666615,Below Target
2015-02-04,2,0.8,1.050281,1.0198908166666676,0.030390183333332432,Achieved
2015-02-04,3,0.8,1.00023,0.9707965199999959,0.02943348000000401,Achieved
2015-02-04,10,0.8,0.999995,0.9932731966666715,0.006721803333328502,Achieved
2015-02-04,2,0.8,0.966759,0.9398663266666659,0.026892673333334116,Achieved
2015-02-04,1,0.8,0.929183,0.9364792099999996,-0.007296209999999581,Achieved
2015-02-04,8,0.7,0.915767,0.8544512066666632,0.06131579333333681,Achieved
2015-02-04,1,0.8,0.900147,0.9000081833333352,0.0001388166666648205,Achieved
2015-02-04,12,0.8,0.800402,0.8021531433333313,-0.001751143333331373,Achieved
2015-02-04,9,0.8,0.799963,0.8027212933333311,-0.0027582933333311077,Below Target
2015-02-04,7,0.7,0.779792,0.7801301866666628,-0.0003381866666627431,Achieved
2015-02-04,9,0.75,0.755167,0.7943440933333331,-0.03917709333333308,Achieved
2015-02-04,6,0.7,0.70071,0.7018124299999966,-0.001102429999996546,Achieved
2015-02-04,7,0.7,0.700612,0.6258626866666699,0.07474931333333013,Achieved
2015-02-04,11,0.7,0.700279,0.7054652233333312,-0.005186223333331186,Achieved
2015-02-04,8,0.7,0.700135,0.5111745333333336,0.18896046666666633,Achieved
2015-02-04,12,0.8,0.687556,0.8502450666666671,-0.16268906666666716,Below Target
2015-02-04,5,0.65,0.650835,0.5818504566666672,0.06898454333333282,Achieved
2015-02-04,6,0.7,0.531667,0.6417586833333321,-0.11009168333333208,Below Target
2015-02-04,4,0.35,0.350706,0.36379559666666794,-0.013089596666667924,Achieved
2015-02-05,2,0.8,1.000446,1.0034480800000023,-0.0030020800000023495,Achieved
2015-02-05,1,0.8,1.000019,1.0020508933333372,-0.002031893333337198,Achieved
2015-02-05,10,0.8,0.999995,0.988431830000005,0.01156316999999496,Achieved
2015-02-05,2,0.8,0.999924,0.9674548000000008,0.0324691999999992,Achieved
2015-02-05,3,0.8,0.950186,0.9532905433333322,-0.0031045433333322103,Achieved
2015-02-05,6,0.7,0.9425,0.8070093099999979,0.13549069000000213,Achieved
2015-02-05,12,0.8,0.906667,0.880730346666667,0.02593665333333295,Achieved
2015-02-05,7,0.7,0.8471,0.8513098533333361,-0.004209853333336122,Achieved
2015-02-05,1,0.8,0.845458,0.8544525833333351,-0.008994583333335027,Achieved
2015-02-05,12,0.8,0.800613,0.8059459733333325,-0.005332973333332491,Achieved
2015-02-05,9,0.8,0.799963,0.8011260899999973,-0.0011630899999973687,Below Target
2015-02-05,10,0.8,0.771583,0.7438390666666658,0.027743933333334247,Below Target
2015-02-05,11,0.75,0.7504,0.7521035033333354,-0.0017035033333354654,Achieved
2015-02-05,6,0.7,0.700079,0.7086731866666636,-0.008594186666663561,Achieved
2015-02-05,5,0.7,0.562213,0.5896445766666691,-0.027431576666669177,Below Target
2015-02-05,7,0.07,0.522845,0.4733179133333331,0.049527086666666886,Achieved
2015-02-05,4,0.5,0.50072,0.48913891000000015,0.011581089999999905,Achieved
2015-02-05,8,0.7,0.49655,0.4982003133333339,-0.0016503133333339304,Below Target
2015-02-07,2,0.8,1.050667,1.0043560166666656,0.04631098333333439,Achieved
2015-02-07,2,0.8,1.000019,1.0010629066666707,-0.0010439066666707575,Achieved
2015-02-07,3,0.8,0.950186,0.9529582499999989,-0.0027722499999989214,Achieved
2015-02-07,1,0.8,0.900136,0.8999921400000009,0.00014385999999910748,Achieved
2015-02-07,10,0.8,0.90013,0.9005294333333304,-0.0003994333333303679,Achieved
2015-02-07,12,0.8,0.899111,0.8809937266666693,0.018117273333330686,Achieved
2015-02-07,1,0.8,0.870083,0.8943859199999986,-0.024302919999998562,Achieved
2015-02-07,6,0.75,0.845833,0.7622737933333329,0.08355920666666705,Achieved
2015-02-07,12,0.8,0.800402,0.7999841266666636,0.00041787333333631604,Achieved
2015-02-07,9,0.8,0.799963,0.7986084166666643,0.0013545833333357127,Below Target
2015-02-07,9,0.8,0.771583,0.7388866499999993,0.03269635000000071,Below Target
2015-02-07,6,0.75,0.75052,0.7576676999999986,-0.007147699999998647,Achieved
2015-02-07,11,0.75,0.750028,0.7488876633333306,0.0011403366666694614,Achieved
2015-02-07,7,0.7,0.715767,0.8418574533333351,-0.12609045333333502,Achieved
2015-02-07,7,0.7,0.66227,0.47424463666666716,0.18802536333333286,Below Target
2015-02-07,4,0.6,0.600224,0.5887557266666652,0.011468273333334777,Achieved
2015-02-07,5,0.7,0.545658,0.6478672033333341,-0.10220920333333416,Below Target
2015-02-07,4,0.8,0.447917,0.5878203566666649,-0.13990335666666487,Below Target
2015-02-07,8,0.7,0.365319,0.41315399333333325,-0.04783499333333324,Below Target
2015-02-08,2,0.8,1.000019,1.0033862633333372,-0.003367263333337256,Achieved
2015-02-08,7,0.7,0.928681,0.8764592933333366,0.05222170666666337,Achieved
2015-02-08,10,0.8,0.9008,0.9008814633333339,-8.146333333380884e-05,Achieved
2015-02-08,1,0.8,0.900136,0.9010331233333349,-0.0008971233333348039,Achieved
2015-02-08,3,0.8,0.90013,0.8999163099999972,0.00021369000000281968,Achieved
2015-02-08,1,0.8,0.893067,0.9081918566666661,-0.015124856666666076,Achieved
2015-02-08,12,0.8,0.891556,0.868280560000002,0.023275439999998038,Achieved
2015-02-08,2,0.8,0.875556,0.9099289733333311,-0.034372973333331114,Achieved
2015-02-08,8,0.7,0.840889,0.8404077366666691,0.00048126333333087246,Achieved
2015-02-08,12,0.8,0.800355,0.8021860233333313,-0.0018310233333312942,Achieved
2015-02-08,9,0.8,0.799963,0.7999859066666639,-2.2906666663935482e-05,Below Target
2015-02-08,6,0.75,0.750651,0.749277323333336,0.0013736766666639921,Achieved
2015-02-08,11,0.75,0.750028,0.7505550299999985,-0.0005270299999984296,Achieved
2015-02-08,5,0.7,0.700618,0.6486657766666677,0.05195222333333227,Achieved
2015-02-08,6,0.75,0.610208,0.662982403333333,-0.05277440333333305,Below Target
2015-02-08,9,0.8,0.607417,0.6526908433333327,-0.04527384333333273,Below Target
2015-02-08,4,0.65,0.56826,0.6093780333333342,-0.04111803333333419,Below Target
2015-02-08,7,0.7,0.355534,0.45156268333333477,-0.09602868333333475,Below Target
2015-02-08,8,0.7,0.35326,0.44284185000000076,-0.08958185000000074,Below Target
2015-02-09,2,0.8,1.057963,0.9900878899999981,0.0678751100000019,Achieved
2015-02-09,1,0.8,0.962017,0.9332283166666681,0.028788683333331955,Achieved
2015-02-09,10,0.8,0.9008,0.8998065933333347,0.000993406666665364,Achieved
2015-02-09,1,0.8,0.900509,0.8964209366666654,0.004088063333334557,Achieved
2015-02-09,2,0.8,0.900478,0.8917803466666656,0.008697653333334388,Achieved
2015-02-09,6,0.75,0.888125,0.6503500199999998,0.2377749800000003,Achieved
2015-02-09,12,0.8,0.800402,0.7988053033333303,0.001596696666669617,Achieved
2015-02-09,3,0.8,0.800161,0.8023973466666676,-0.00223634666666761,Achieved
2015-02-09,9,0.8,0.799963,0.7990063199999975,0.0009566800000024855,Below Target
2015-02-09,4,0.7,0.790003,0.7630164033333369,0.026986596666663143,Achieved
2015-02-09,11,0.75,0.750648,0.7252262800000032,0.02542171999999676,Achieved
2015-02-09,8,0.35,0.707111,0.724869973333332,-0.017758973333331984,Achieved
2015-02-09,5,0.7,0.700618,0.6989690499999984,0.0016489500000015367,Achieved
2015-02-09,9,0.8,0.697708,0.6699475800000022,0.027760419999997787,Below Target
2015-02-09,6,0.75,0.612517,0.6536560499999989,-0.041139049999998956,Below Target
2015-02-09,7,0.35,0.350302,0.36403441999999936,-0.013732419999999357,Achieved
2015-02-09,8,0.35,0.350302,0.36066709333333274,-0.010365093333332742,Achieved
2015-02-09,12,0.8,0.272,0.5505445399999995,-0.2785445399999995,Below Target
2015-02-10,12,0.8,1.004889,0.8915567966666637,0.11333220333333627,Achieved
2015-02-10,2,0.8,0.966759,0.9444614666666661,0.022297533333333952,Achieved
2015-02-10,10,0.8,0.900632,0.9007224333333348,-9.043333333480508e-05,Achieved
2015-02-10,1,0.8,0.900471,0.9020355333333356,-0.001564533333335616,Achieved
2015-02-10,3,0.8,0.900471,0.8967179300000016,0.0037530699999984707,Achieved
2015-02-10,2,0.8,0.899984,0.9004976166666652,-0.000513616666665162,Achieved
2015-02-10,1,0.8,0.853667,0.8356292933333338,0.018037706666666153,Achieved
2015-02-10,9,0.8,0.8008,0.8003572066666691,0.0004427933333308598,Achieved
2015-02-10,12,0.8,0.800402,0.8004020366666638,-3.666666381629824e-08,Achieved
2015-02-10,4,0.7,0.796756,0.8483860633333299,-0.05163006333332987,Achieved
2015-02-10,6,0.75,0.750797,0.7213391366666684,0.02945786333333167,Achieved
2015-02-10,11,0.8,0.750648,0.666075406666669,0.084572593333331,Below Target
2015-02-10,5,0.75,0.750356,0.7498159466666694,0.0005400533333306257,Achieved
2015-02-10,8,0.35,0.703771,0.6803052799999979,0.023465720000002133,Achieved
2015-02-10,4,0.7,0.700618,0.699520286666665,0.001097713333334971,Achieved
2015-02-10,9,0.8,0.6895,0.6853186733333358,0.0041813266666641535,Below Target
2015-02-10,6,0.75,0.628333,0.6412641266666655,-0.012931126666665516,Below Target
2015-02-10,7,0.5,0.500802,0.4820642166666639,0.01873778333333609,Achieved
2015-02-10,8,0.5,0.393549,0.4352128599999971,-0.04166385999999711,Below Target
2015-02-11,4,0.7,1.033156,0.8543033433333299,0.17885265666667005,Achieved
2015-02-11,12,0.8,1.02,0.9230142499999967,0.09698575000000331,Achieved
2015-02-11,2,0.8,1.000345,0.9853218233333336,0.015023176666666416,Achieved
2015-02-11,1,0.8,1.000066,1.0070040899999988,-0.006938089999998898,Achieved
2015-02-11,8,0.35,0.994375,0.7452404499999976,0.2491345500000024,Achieved
2015-02-11,2,0.8,0.912037,0.7751804000000005,0.13685659999999944,Achieved
2015-02-11,5,0.7,0.87,0.782228116666669,0.08777188333333097,Achieved
2015-02-11,10,0.8,0.850365,0.8586016099999981,-0.00823660999999809,Achieved
2015-02-11,6,0.8,0.800947,0.7907641233333345,0.010182876666665508,Achieved
2015-02-11,12,0.8,0.800402,0.8004010599999971,9.400000028358946e-07,Achieved
2015-02-11,9,0.8,0.800144,0.7906868733333344,0.009457126666665538,Achieved
2015-02-11,5,0.75,0.750406,0.7458711833333332,0.004534816666666774,Achieved
2015-02-11,8,0.6,0.71441,0.5737285933333344,0.14068140666666562,Achieved
2015-02-11,4,0.7,0.700588,0.7016347666666655,-0.0010467666666654774,Achieved
2015-02-11,1,0.8,0.618361,0.6871568099999971,-0.06879580999999702,Below Target
2015-02-11,7,0.6,0.600071,0.5905598033333356,0.009511196666664445,Achieved
2015-02-11,9,0.8,0.54175,0.673169466666668,-0.13141946666666804,Below Target
2015-02-11,3,0.8,0.536902,0.5253094799999989,0.011592520000001105,Below Target
2015-02-11,11,0.35,0.507903,0.47361050999999976,0.03429249000000023,Achieved
2015-02-12,1,0.8,1.100484,1.0575337766666626,0.04295022333333742,Achieved
2015-02-12,4,0.7,1.096633,0.9870809333333318,0.10955206666666817,Achieved
2015-02-12,2,0.8,1.000345,1.009534736666665,-0.009189736666664894,Achieved
2015-02-12,12,0.8,0.838667,0.8607294666666623,-0.022062466666662228,Achieved
2015-02-12,12,0.8,0.800402,0.8004015533333304,4.466666695401855e-07,Achieved
2015-02-12,8,0.35,0.755486,0.7649877566666642,-0.009501756666664196,Achieved
2015-02-12,5,0.75,0.750799,0.756570660000001,-0.0057716600000009555,Achieved
2015-02-12,6,0.8,0.688018,0.7155879366666663,-0.027569936666666295,Below Target
2015-02-12,1,0.8,0.664875,0.6774922266666641,-0.012617226666664094,Below Target
2015-02-12,9,0.8,0.656667,0.6209462699999998,0.0357207300000002,Below Target
2015-02-12,4,0.7,0.637712,0.6377351566666638,-2.3156666663859404e-05,Below Target
2015-02-12,2,0.8,0.601944,0.7225460900000013,-0.12060209000000122,Below Target
2015-02-12,5,0.7,0.58,0.6738697533333361,-0.09386975333333614,Below Target
2015-02-12,7,0.65,0.535678,0.5484693999999993,-0.012791399999999342,Below Target
2015-02-12,11,0.5,0.500123,0.5077808700000013,-0.007657870000001288,Achieved
2015-02-12,9,0.8,0.497885,0.485479986666666,0.012405013333334047,Below Target
2015-02-12,8,0.65,0.463404,0.490336853333332,-0.026932853333332007,Below Target
2015-02-12,10,0.8,0.441392,0.4777706699999987,-0.03637866999999867,Below Target
2015-02-12,3,0.35,0.350302,0.36351169333333283,-0.013209693333332828,Achieved
2015-02-14,1,0.8,1.00023,1.0002276966666608,2.3033333391708766e-06,Achieved
2015-02-14,7,0.7,0.929278,0.8298727600000032,0.09940523999999684,Achieved
2015-02-14,4,0.75,0.902917,0.8470299933333343,0.055887006666665684,Achieved
2015-02-14,12,0.8,0.800889,0.8175575500000025,-0.016668550000002558,Achieved
2015-02-14,12,0.8,0.800402,0.8003988199999971,3.180000002878103e-06,Achieved
2015-02-14,2,0.8,0.800375,0.8013249366666673,-0.000949936666667317,Achieved
2015-02-14,1,0.8,0.796208,0.7607197666666689,0.035488233333331176,Below Target
2015-02-14,4,0.75,0.750392,0.6943691333333352,0.05602286666666478,Achieved
2015-02-14,5,0.75,0.750392,0.7507730433333356,-0.0003810433333356622,Achieved
2015-02-14,8,0.7,0.725625,0.7019052166666685,0.023719783333331468,Achieved
2015-02-14,8,0.7,0.700206,0.6547908766666681,0.045415123333331864,Achieved
2015-02-14,7,0.7,0.602,0.6155876200000012,-0.013587620000001244,Below Target
2015-02-14,11,0.6,0.600448,0.5933163433333339,0.007131656666666042,Achieved
2015-02-14,6,0.8,0.557252,0.7266353199999996,-0.16938331999999967,Below Target
2015-02-14,3,0.5,0.500802,0.5112908433333309,-0.010488843333330888,Achieved
2015-02-14,6,0.8,0.483333,0.6321602366666648,-0.14882723666666475,Below Target
2015-02-14,9,0.8,0.238042,0.37976535333333145,-0.14172335333333144,Below Target
2015-02-15,1,0.8,1.120438,1.0559974799999996,0.06444052000000045,Achieved
2015-02-15,2,0.8,1.108125,0.9571844499999987,0.15094055000000128,Achieved
2015-02-15,1,0.8,1.00023,0.9998931333333273,0.00033686666667265275,Achieved
2015-02-15,12,0.8,0.876444,0.85994876,0.016495240000000022,Achieved
2015-02-15,12,0.8,0.800806,0.8156754733333316,-0.014869473333331551,Achieved
2015-02-15,5,0.75,0.760833,0.7341946699999987,0.026638330000001265,Achieved
2015-02-15,5,0.8,0.722569,0.6891738366666668,0.033395163333333255,Below Target
2015-02-15,11,0.6,0.715333,0.6704502366666639,0.04488276333333607,Achieved
2015-02-15,7,0.7,0.700633,0.6538068666666688,0.04682613333333119,Achieved
2015-02-15,8,0.7,0.700573,0.6925256166666652,0.008047383333334768,Achieved
2015-02-15,6,0.75,0.681598,0.6937125700000009,-0.012114570000000824,Below Target
2015-02-15,11,0.65,0.650224,0.6359551099999998,0.0142688900000002,Achieved
2015-02-15,8,0.7,0.605208,0.6402555700000023,-0.03504757000000236,Below Target
2015-02-15,6,0.8,0.604167,0.6341188966666651,-0.02995189666666509,Below Target
2015-02-15,4,0.75,0.598627,0.6507413499999982,-0.0521143499999982,Below Target
2015-02-15,3,0.6,0.475718,0.5230211900000005,-0.047303190000000495,Below Target
2015-02-15,2,0.8,0.432123,0.47793298333333323,-0.04580998333333325,Below Target
2015-02-15,4,0.75,0.287042,0.8444251833333343,-0.5573831833333343,Below Target
2015-02-15,9,0.5,0.283055,0.327073573333334,-0.04401857333333398,Below Target
2015-02-16,1,0.8,1.00023,0.9998931333333273,0.00033686666667265275,Achieved
2015-02-16,9,0.8,0.960433,0.9166534766666659,0.043779523333334125,Achieved
2015-02-16,12,0.8,0.891556,0.8827357933333341,0.008820206666665942,Achieved
2015-02-16,3,0.5,0.864583,0.7869758833333352,0.07760711666666475,Achieved
2015-02-16,3,0.65,0.802243,0.785020470000002,0.01722252999999807,Achieved
2015-02-16,5,0.8,0.80098,0.7240756266666681,0.07690437333333189,Achieved
2015-02-16,12,0.8,0.800312,0.7984516333333312,0.001860366666668778,Achieved
2015-02-16,6,0.8,0.773333,0.719425446666667,0.05390755333333308,Below Target
2015-02-16,6,0.75,0.750651,0.7332099433333353,0.017441056666664623,Achieved
2015-02-16,4,0.75,0.750356,0.7116656800000013,0.038690319999998724,Achieved
2015-02-16,4,0.75,0.722333,0.7521859566666654,-0.02985295666666543,Below Target
2015-02-16,7,0.7,0.70046,0.6947150633333322,0.005744936666667755,Achieved
2015-02-16,5,0.75,0.629417,0.7122230266666648,-0.08280602666666481,Below Target
2015-02-16,8,0.7,0.621972,0.6428144466666667,-0.02084244666666668,Below Target
2015-02-16,11,0.7,0.565972,0.6320429466666637,-0.06607094666666369,Below Target
2015-02-16,10,0.6,0.355428,0.3799943100000013,-0.024566310000001257,Below Target
2015-02-16,9,0.6,0.329965,0.37037185000000084,-0.04040685000000083,Below Target
2015-02-16,7,0.7,0.258,0.5015705533333336,-0.24357055333333355,Below Target
2015-02-17,1,0.8,1.00023,0.9998931333333273,0.00033686666667265275,Achieved
2015-02-17,10,0.8,0.927542,0.795232906666665,0.13230909333333496,Achieved
2015-02-17,7,0.7,0.91375,0.7928764499999972,0.12087355000000277,Achieved
2015-02-17,12,0.8,0.9025,0.8913112466666684,0.01118875333333158,Achieved
2015-02-17,12,0.8,0.800402,0.7996189399999978,0.000783060000002167,Achieved
2015-02-17,3,0.5,0.7866,0.7717927533333299,0.014807246666670104,Achieved
2015-02-17,6,0.75,0.750621,0.7353076633333321,0.015313336666667898,Achieved
2015-02-17,4,0.75,0.750356,0.7486972500000025,0.0016587499999974886,Achieved
2015-02-17,6,0.8,0.749167,0.6966797699999995,0.05248723000000055,Below Target
2015-02-17,7,0.7,0.700888,0.6934497433333321,0.007438256666667864,Achieved
2015-02-17,11,0.7,0.700614,0.7341687799999973,-0.03355477999999734,Achieved
2015-02-17,3,0.7,0.700603,0.7121529066666676,-0.011549906666667664,Achieved
2015-02-17,4,0.75,0.656667,0.6655416766666655,-0.008874676666665526,Below Target
2015-02-17,5,0.8,0.653431,0.7026178500000002,-0.049186850000000226,Below Target
2015-02-17,9,0.65,0.650134,0.5619736599999998,0.08816034000000017,Achieved
2015-02-17,8,0.6,0.600983,0.5619938333333357,0.0389891666666643,Achieved
2015-02-17,9,0.8,0.586042,0.6268175966666654,-0.040775596666665415,Below Target
2015-02-17,2,0.8,0.5814,0.7613067233333344,-0.17990672333333435,Below Target
2015-02-17,2,0.5,0.361071,0.38789595999999876,-0.026824959999998788,Below Target
2015-02-17,10,0.65,0.302117,0.3785513166666656,-0.07643431666666556,Below Target
2015-02-18,12,0.8,0.9918,0.9436092366666698,0.04819076333333017,Achieved
2015-02-18,6,0.8,0.936861,0.8863874699999974,0.05047353000000265,Achieved
2015-02-18,2,0.8,0.919125,0.7482515200000005,0.17087347999999947,Achieved
2015-02-18,11,0.7,0.821113,0.7559204166666637,0.06519258333333633,Achieved
2015-02-18,4,0.8,0.80098,0.794290770000002,0.006689229999997992,Achieved
2015-02-18,5,0.8,0.80098,0.7433389800000016,0.05764101999999838,Achieved
2015-02-18,12,0.8,0.800402,0.7992000199999971,0.0012019800000028225,Achieved
2015-02-18,1,0.8,0.80028,0.802042026666663,-0.0017620266666630302,Achieved
2015-02-18,6,0.75,0.750651,0.7505473266666697,0.00010367333333027862,Achieved
2015-02-18,7,0.75,0.750533,0.7478811799999983,0.0026518200000017478,Achieved
2015-02-18,4,0.75,0.734646,0.6936109033333321,0.041035096666667936,Below Target
2015-02-18,3,0.7,0.700603,0.706038086666667,-0.005435086666667033,Achieved
2015-02-18,9,0.7,0.700096,0.6912017166666671,0.008894283333332975,Achieved
2015-02-18,7,0.7,0.671875,0.5711156800000006,0.10075931999999943,Below Target
2015-02-18,10,0.8,0.64025,0.6746204933333343,-0.03437049333333431,Below Target
2015-02-18,8,0.7,0.58,0.6222507333333357,-0.04225073333333573,Below Target
2015-02-18,9,0.8,0.549792,0.5956728899999998,-0.04588088999999984,Below Target
2015-02-18,2,0.6,0.328132,0.39514978999999845,-0.06701778999999847,Below Target
2015-02-18,10,0.7,0.303574,0.32801785999999883,-0.024443859999998818,Below Target
2015-02-18,3,0.5,0.2565,0.4390598866666674,-0.1825598866666674,Below Target
2015-02-18,8,0.65,0.251399,0.36266021666666776,-0.11126121666666777,Below Target
2015-02-19,3,0.5,0.816406,0.7347325533333311,0.08167344666666887,Achieved
2015-02-19,12,0.8,0.800712,0.8303532699999995,-0.029641269999999498,Achieved
2015-02-19,1,0.8,0.800471,0.7814200999999986,0.019050900000001425,Achieved
2015-02-19,4,0.8,0.800094,0.8010275500000015,-0.000933550000001504,Achieved
2015-02-19,5,0.8,0.799983,0.6671962566666676,0.1327867433333324,Below Target
2015-02-19,6,0.8,0.785864,0.782626620000001,0.003237379999998957,Below Target
2015-02-19,6,0.75,0.750651,0.7547435566666689,-0.004092556666668967,Achieved
2015-02-19,10,0.8,0.733278,0.7390431233333361,-0.00576512333333612,Below Target
2015-02-19,2,0.8,0.710125,0.7308164533333356,-0.020691453333335552,Below Target
2015-02-19,3,0.7,0.700603,0.7080438000000006,-0.00744080000000058,Achieved
2015-02-19,11,0.7,0.70054,0.7042626833333299,-0.0037226833333298126,Achieved
2015-02-19,8,0.7,0.7,0.49698268666666623,0.20301731333333373,Achieved
2015-02-19,4,0.75,0.684028,0.6898809433333346,-0.005852943333334637,Below Target
2015-02-19,8,0.7,0.672135,0.6542266866666657,0.017908313333334314,Below Target
2015-02-19,9,0.7,0.638614,0.6570352633333315,-0.018421263333331495,Below Target
2015-02-19,5,0.75,0.631354,0.6552711599999981,-0.023917159999998105,Below Target
2015-02-19,7,0.75,0.611141,0.565524450000002,0.04561654999999809,Below Target
2015-02-19,12,0.8,0.609583,0.675914763333331,-0.06633176333333102,Below Target
2015-02-19,2,0.65,0.585316,0.5802545166666682,0.005061483333331784,Below Target
2015-02-19,10,0.7,0.249417,0.35719054666666544,-0.10777354666666544,Below Target
2015-02-22,3,0.5,0.8721,0.7980496966666633,0.07405030333333673,Achieved
2015-02-22,6,0.8,0.831937,0.4882259099999993,0.3437110900000007,Achieved
2015-02-22,2,0.8,0.830063,0.7627170733333346,0.06734592666666539,Achieved
2015-02-22,11,0.6,0.805556,0.7441464533333311,0.06140954666666898,Achieved
2015-02-22,12,0.8,0.800402,0.8003921366666638,9.863333336190827e-06,Achieved
2015-02-22,4,0.8,0.800003,0.8006667266666667,-0.0006637266666666974,Achieved
2015-02-22,12,0.8,0.78375,0.7818843333333315,0.0018656666666684307,Below Target
2015-02-22,9,0.8,0.753525,0.757849483333332,-0.004324483333332019,Below Target
2015-02-22,6,0.75,0.750651,0.7507785233333363,-0.00012752333333632127,Achieved
2015-02-22,1,0.8,0.72735,0.8283437033333348,-0.1009937033333348,Below Target
2015-02-22,8,0.7,0.700614,0.698279996666668,0.002334003333332002,Achieved
2015-02-22,2,0.7,0.700605,0.663503553333332,0.037101446666668036,Achieved
2015-02-22,11,0.75,0.672141,0.714149346666667,-0.042008346666666974,Below Target
2015-02-22,9,0.7,0.627011,0.6402404733333353,-0.013229473333335351,Below Target
2015-02-22,3,0.7,0.626578,0.6509227599999986,-0.024344759999998633,Below Target
2015-02-22,10,0.7,0.456875,0.5279871399999998,-0.07111213999999982,Below Target
2015-02-22,7,0.75,0.393549,0.4853481933333323,-0.09179919333333231,Below Target
2015-02-22,10,0.8,0.385792,0.48644986333333257,-0.10065786333333254,Below Target
2015-02-22,5,0.8,0.307501,0.3833533266666675,-0.07585232666666747,Below Target
2015-02-22,7,0.7,0.283958,0.3614899299999996,-0.07753192999999964,Below Target
2015-02-23,10,0.8,0.955792,0.8001680866666666,0.15562391333333336,Achieved
2015-02-23,8,0.7,0.930417,0.7280807800000034,0.20233621999999662,Achieved
2015-02-23,12,0.8,0.9025,0.8831278933333347,0.019372106666665223,Achieved
2015-02-23,3,0.8,0.87115,0.8061081500000004,0.06504184999999962,Achieved
2015-02-23,12,0.8,0.800402,0.8003954466666637,6.553333336212219e-06,Achieved
2015-02-23,4,0.8,0.800137,0.7864562933333361,0.013680706666663878,Achieved
2015-02-23,5,0.8,0.800137,0.7463115100000015,0.05382548999999848,Achieved
2015-02-23,7,0.75,0.75077,0.7497450166666658,0.0010249833333342284,Achieved
2015-02-23,6,0.75,0.750651,0.750629320000003,2.1679999996915278e-05,Achieved
2015-02-23,11,0.75,0.750294,0.7221461100000007,0.028147889999999287,Achieved
2015-02-23,2,0.7,0.700623,0.7022841666666673,-0.0016611666666672686,Achieved
2015-02-23,8,0.7,0.700614,0.6991779400000017,0.001436059999998296,Achieved
2015-02-23,3,0.7,0.700362,0.6897301400000024,0.010631859999997606,Achieved
2015-02-23,9,0.7,0.60128,0.624291110000001,-0.023011110000001,Below Target
2015-02-23,10,0.7,0.417917,0.5513827599999997,-0.13346575999999977,Below Target
2015-02-23,6,0.8,0.371563,0.4130979633333313,-0.04153496333333134,Below Target
2015-02-23,9,0.8,0.371563,0.387908206666665,-0.016345206666665002,Below Target
2015-02-23,2,0.8,0.368719,0.5172456066666662,-0.14852660666666617,Below Target
2015-02-23,7,0.7,0.356458,0.4545032500000021,-0.09804525000000208,Below Target
2015-02-24,10,0.7,0.902222,0.7271034066666671,0.1751185933333329,Achieved
2015-02-24,3,0.8,0.811389,0.8300113899999982,-0.018622389999998212,Achieved
2015-02-24,12,0.8,0.800402,0.8003962399999972,5.76000000274135e-06,Achieved
2015-02-24,5,0.8,0.800137,0.7950622033333363,0.005074796666663661,Achieved
2015-02-24,4,0.8,0.800072,0.7998219433333337,0.00025005666666633175,Achieved
2015-02-24,8,0.7,0.791458,0.6975032166666693,0.09395478333333074,Achieved
2015-02-24,7,0.75,0.750727,0.7506903600000028,3.6639999997256645e-05,Achieved
2015-02-24,6,0.75,0.750651,0.7505589233333364,9.207666666355419e-05,Achieved
2015-02-24,11,0.75,0.750437,0.7458442100000023,0.004592789999997682,Achieved
2015-02-24,3,0.75,0.750177,0.7412254700000004,0.008951529999999597,Achieved
2015-02-24,6,0.75,0.726933,0.7080932966666675,0.018839703333332514,Below Target
2015-02-24,9,0.7,0.726933,0.7246076833333348,0.0023253166666652447,Achieved
2015-02-24,2,0.7,0.700623,0.7017906200000009,-0.001167620000000924,Achieved
2015-02-24,8,0.7,0.700519,0.6990196966666703,0.0014993033333297046,Achieved
2015-02-24,9,0.7,0.700257,0.698973126666664,0.0012838733333360164,Achieved
2015-02-24,11,0.7,0.504687,0.5127645166666663,-0.00807751666666634,Below Target
2015-02-24,10,0.7,0.471108,0.5162039133333325,-0.04509591333333246,Below Target
2015-02-24,2,0.7,0.325,0.5037031400000008,-0.17870314000000082,Below Target
2015-02-24,1,0.6,0.268214,0.4657957933333328,-0.1975817933333328,Below Target
2015-02-25,9,0.75,0.970817,0.7604174733333321,0.21039952666666795,Achieved
2015-02-25,5,0.8,0.902963,0.8551410099999999,0.04782199000000009,Achieved
2015-02-25,3,0.8,0.900833,0.8956580033333346,0.005174996666665432,Achieved
2015-02-25,12,0.8,0.899556,0.8506254733333316,0.04893052666666842,Achieved
2015-02-25,10,0.7,0.845833,0.7881524599999993,0.05768054000000067,Achieved
2015-02-25,4,0.8,0.800809,0.7860368166666633,0.014772183333336741,Achieved
2015-02-25,12,0.8,0.800402,0.8007300799999972,-0.0003280799999972883,Achieved
2015-02-25,7,0.8,0.800116,0.7954379533333347,0.004678046666665381,Achieved
2015-02-25,6,0.75,0.750651,0.7516273133333359,-0.0009763133333359209,Achieved
2015-02-25,11,0.75,0.750504,0.7516658466666695,-0.0011618466666695193,Achieved
2015-02-25,3,0.75,0.750207,0.7516448799999973,-0.001437879999997338,Achieved
2015-02-25,8,0.7,0.700362,0.696357130000003,0.004004869999997052,Achieved
2015-02-25,2,0.7,0.70007,0.6979871800000016,0.0020828199999983754,Achieved
2015-02-25,10,0.7,0.700058,0.6195140033333342,0.08054399666666578,Achieved
2015-02-25,7,0.75,0.676667,0.6193923133333341,0.05727468666666591,Below Target
2015-02-25,8,0.7,0.658542,0.7068909633333358,-0.048348963333335826,Below Target
2015-02-25,5,0.8,0.598792,0.6396186633333348,-0.040826663333334845,Below Target
2015-02-25,1,0.65,0.581131,0.6168827366666663,-0.03575173666666631,Below Target
2015-02-25,2,0.7,0.440375,0.5041618733333341,-0.06378687333333405,Below Target
2015-02-25,6,0.75,0.410833,0.4239288799999984,-0.013095879999998394,Below Target
2015-02-25,9,0.7,0.410833,0.5445643300000003,-0.13373133000000026,Below Target
2015-02-26,3,0.8,0.921704,0.9122546966666685,0.009449303333331494,Achieved
2015-02-26,5,0.8,0.921605,0.8956567899999999,0.025948210000000138,Achieved
2015-02-26,7,0.8,0.800809,0.7979970699999968,0.0028119300000032377,Achieved
2015-02-26,11,0.8,0.800517,0.8002792666666702,0.00023773333332988145,Achieved
2015-02-26,12,0.8,0.800402,0.800737136666664,-0.00033513666666407094,Achieved
2015-02-26,1,0.5,0.768847,0.6128431599999996,0.15600384000000034,Achieved
2015-02-26,6,0.75,0.750651,0.7502001166666696,0.0004508833333303208,Achieved
2015-02-26,3,0.75,0.750474,0.7522246266666645,-0.0017506266666644787,Achieved
2015-02-26,9,0.75,0.750372,0.7506331666666651,-0.00026116666666509136,Achieved
2015-02-26,8,0.75,0.750207,0.7511267033333315,-0.0009197033333315785,Achieved
2015-02-26,10,0.7,0.700252,0.6596210700000023,0.040630929999997734,Achieved
2015-02-26,2,0.7,0.662379,0.6560604333333305,0.006318566666669523,Below Target
2015-02-26,12,0.8,0.590617,0.6106142766666679,-0.01999727666666795,Below Target
2015-02-26,2,0.7,0.556562,0.5490076333333352,0.007554366666664758,Below Target
2015-02-26,4,0.8,0.495618,0.5960210466666668,-0.10040304666666677,Below Target
2015-02-26,5,0.35,0.449965,0.4446848100000014,0.00528018999999863,Achieved
2015-02-26,10,0.7,0.410833,0.4324746166666647,-0.021641616666664698,Below Target
2015-02-26,9,0.75,0.407813,0.4039040600000009,0.003908939999999084,Below Target
2015-02-26,1,0.35,0.378895,0.39122909666666694,-0.01233409666666696,Achieved
2015-02-26,8,0.75,0.376597,0.48284248333333324,-0.10624548333333322,Below Target
2015-02-26,6,0.75,0.271875,0.33718026999999867,-0.0653052699999987,Below Target
2015-02-28,3,0.8,0.921704,0.9116770100000019,0.01002698999999807,Achieved
2015-02-28,5,0.8,0.921605,0.8921192199999998,0.02948578000000024,Achieved
2015-02-28,11,0.8,0.800779,0.7957356100000028,0.005043389999997205,Achieved
2015-02-28,12,0.8,0.800261,0.8009236600000023,-0.0006626600000022576,Achieved
2015-02-28,7,0.8,0.799983,0.7925161666666657,0.007466833333334311,Below Target
2015-02-28,1,0.5,0.768847,0.6000547733333327,0.16879222666666727,Achieved
2015-02-28,3,0.75,0.750717,0.7530818899999994,-0.0023648899999993978,Achieved
2015-02-28,6,0.75,0.750651,0.7507070633333363,-5.6063333336298093e-05,Achieved
2015-02-28,8,0.75,0.750426,0.7501522666666683,0.0002737333333316938,Achieved
2015-02-28,9,0.75,0.750396,0.749969826666664,0.0004261733333359441,Achieved
2015-02-28,10,0.7,0.700237,0.6920303899999972,0.008206610000002779,Achieved
2015-02-28,2,0.7,0.700211,0.6769168533333316,0.023294146666668403,Achieved
2015-02-28,12,0.8,0.590617,0.6077368900000011,-0.017119890000001137,Below Target
2015-02-28,2,0.7,0.556562,0.5599785466666696,-0.003416546666669573,Below Target
2015-02-28,5,0.5,0.550404,0.5310285166666648,0.019375483333335164,Achieved
2015-02-28,1,0.5,0.55035,0.5350469466666652,0.015303053333334815,Achieved
2015-02-28,4,0.5,0.500258,0.5064598766666674,-0.006201876666667383,Achieved
2015-02-28,10,0.7,0.410833,0.4411845933333314,-0.030351593333331373,Below Target
2015-02-28,9,0.75,0.407813,0.4423054500000016,-0.03449245000000162,Below Target
2015-02-28,8,0.75,0.376597,0.48836053333333335,-0.11176353333333333,Below Target
2015-02-28,6,0.75,0.271875,0.3952818733333325,-0.1234068733333325,Below Target
2015-03-01,3,0.8,0.936356,0.9070620966666627,0.029293903333337257,Achieved
2015-03-01,8,0.75,0.813611,0.7197385233333344,0.09387247666666554,Achieved
2015-03-01,12,0.8,0.800402,0.7980234433333302,0.002378556666669751,Achieved
2015-03-01,8,0.75,0.75075,0.7498503366666687,0.0008996633333313575,Achieved
2015-03-01,6,0.75,0.750651,0.750812296666669,-0.00016129666666908626,Achieved
2015-03-01,3,0.75,0.750474,0.75431148,-0.0038374800000000597,Achieved
2015-03-01,9,0.75,0.750396,0.7501596466666646,0.00023635333333538178,Achieved
2015-03-01,5,0.6,0.707446,0.6424046099999995,0.06504139000000053,Achieved
2015-03-01,10,0.7,0.700237,0.693534673333334,0.006702326666666036,Achieved
2015-03-01,1,0.6,0.70002,0.6488254999999984,0.051194500000001586,Achieved
2015-03-01,2,0.7,0.683551,0.6776591233333306,0.00589187666666946,Below Target
2015-03-01,11,0.8,0.682433,0.6719056000000017,0.0105273999999983,Below Target
2015-03-01,4,0.6,0.673083,0.6684535099999985,0.004629490000001457,Achieved
2015-03-01,10,0.7,0.664583,0.5742220400000011,0.09036095999999894,Below Target
2015-03-01,4,0.6,0.60024,0.5864161933333351,0.01382380666666494,Achieved
2015-03-01,2,0.7,0.585,0.6318969233333338,-0.04689692333333384,Below Target
2015-03-01,7,0.8,0.579512,0.5575133399999977,0.02199866000000228,Below Target
2015-03-01,1,0.6,0.448722,0.4989404100000006,-0.0502184100000006,Below Target
2015-03-01,9,0.75,0.447083,0.5550585400000002,-0.1079755400000002,Below Target
2015-03-01,7,0.8,0.350417,0.4252510299999972,-0.07483402999999722,Below Target
2015-03-02,2,0.7,0.92885,0.8535926566666688,0.07525734333333112,Achieved
2015-03-02,3,0.8,0.86037,0.8585097599999959,0.0018602400000040653,Achieved
2015-03-02,4,0.65,0.806879,0.6956360833333332,0.11124291666666686,Achieved
2015-03-02,1,0.65,0.80058,0.795244413333332,0.005335586666668002,Achieved
2015-03-02,12,0.8,0.800402,0.7972111399999972,0.003190860000002793,Achieved
2015-03-02,9,0.75,0.8004,0.8031189766666647,-0.002718976666664652,Achieved
2015-03-02,11,0.8,0.800309,0.7841038433333342,0.016205156666665887,Achieved
2015-03-02,3,0.8,0.80015,0.800501700000001,-0.00035170000000095403,Achieved
2015-03-02,7,0.8,0.800116,0.6551050366666662,0.14501096333333385,Achieved
2015-03-02,8,0.75,0.773333,0.7086632100000017,0.0646697899999984,Achieved
2015-03-02,6,0.75,0.750797,0.7528076900000027,-0.002010690000002646,Achieved
2015-03-02,8,0.75,0.750474,0.7461472933333321,0.004326706666667901,Achieved
2015-03-02,9,0.75,0.750396,0.7507028199999972,-0.0003068199999972654,Achieved
2015-03-02,4,0.65,0.750255,0.7362301733333324,0.0140248266666676,Achieved
2015-03-02,5,0.65,0.700904,0.6792108200000012,0.021693179999998757,Achieved
2015-03-02,10,0.7,0.700136,0.6966476033333305,0.0034883966666694466,Achieved
2015-03-02,10,0.7,0.632361,0.5778887533333343,0.054472246666665614,Below Target
2015-03-02,12,0.8,0.607654,0.638848606666666,-0.03119460666666596,Below Target
2015-03-02,1,0.65,0.537919,0.5457704966666658,-0.007851496666665736,Below Target
2015-03-02,7,0.8,0.342361,0.43193764999999784,-0.08957664999999781,Below Target
2015-03-03,7,0.8,0.999533,0.904928276666671,0.09460472333332903,Achieved
2015-03-03,3,0.8,0.902963,0.894799936666666,0.008163063333333942,Achieved
2015-03-03,11,0.8,0.800702,0.7964105166666676,0.004291483333332402,Achieved
2015-03-03,1,0.7,0.800566,0.7985398900000017,0.0020261099999983045,Achieved
2015-03-03,12,0.8,0.800402,0.8007284699999979,-0.0003264699999979692,Achieved
2015-03-03,3,0.8,0.800333,0.8009935766666644,-0.0006605766666644142,Achieved
2015-03-03,7,0.8,0.800116,0.7317375766666685,0.06837842333333155,Achieved
2015-03-03,4,0.7,0.75077,0.7472102833333314,0.0035597166666686553,Achieved
2015-03-03,8,0.75,0.750474,0.7503854199999986,8.858000000133703e-05,Achieved
2015-03-03,9,0.75,0.750396,0.7506907799999971,-0.0002947799999971634,Achieved
2015-03-03,6,0.75,0.750213,0.7458329200000019,0.004380079999998121,Achieved
2015-03-03,8,0.75,0.702778,0.7025137166666682,0.0002642833333318384,Below Target
2015-03-03,5,0.7,0.70066,0.6975640399999995,0.003095960000000453,Achieved
2015-03-03,10,0.7,0.699984,0.6985622333333336,0.0014217666666664908,Below Target
2015-03-03,12,0.8,0.636049,0.6612448400000026,-0.025195840000002634,Below Target
2015-03-03,2,0.4,0.567378,0.6246220399999989,-0.05724403999999883,Achieved
2015-03-03,1,0.7,0.555431,0.5692272933333326,-0.013796293333332543,Below Target
2015-03-03,4,0.7,0.555431,0.5632235099999992,-0.007792509999999142,Below Target
2015-03-03,10,0.7,0.463194,0.5086972266666665,-0.04550322666666651,Below Target
2015-03-03,5,0.7,0.354444,0.4269831000000001,-0.07253910000000013,Below Target
2015-03-03,6,0.75,0.309333,0.43427755666666484,-0.12494455666666482,Below Target
2015-03-03,2,0.4,0.30277,0.3406381066666661,-0.037868106666666124,Below Target
2015-03-04,3,0.8,0.939167,0.9246862199999987,0.014480780000001303,Achieved
2015-03-04,8,0.8,0.930417,0.833181906666669,0.09723509333333102,Achieved
2015-03-04,12,0.8,0.885926,0.8781675166666694,0.0077584833333306236,Achieved
2015-03-04,9,0.75,0.83375,0.7426264233333351,0.09112357666666493,Achieved
2015-03-04,1,0.7,0.806879,0.7949984666666684,0.011880533333331611,Achieved
2015-03-04,4,0.7,0.806058,0.7925652533333342,0.013492746666665889,Achieved
2015-03-04,11,0.8,0.800702,0.7638879433333348,0.03681405666666526,Achieved
2015-03-04,12,0.8,0.800402,0.8007354866666639,-0.00033348666666399573,Achieved
2015-03-04,3,0.8,0.800333,0.8018611799999973,-0.0015281799999973256,Achieved
2015-03-04,7,0.8,0.800056,0.7971666400000027,0.0028893599999972874,Achieved
2015-03-04,4,0.7,0.799976,0.793203276666663,0.006772723333337005,Achieved
2015-03-04,1,0.7,0.750652,0.735948396666668,0.014703603333331983,Achieved
2015-03-04,9,0.75,0.750396,0.7513512133333304,-0.0009552133333304846,Achieved
2015-03-04,5,0.7,0.700424,0.7007037966666653,-0.00027979666666522185,Achieved
2015-03-04,10,0.7,0.700058,0.6983468633333356,0.0017111366666643368,Achieved
2015-03-04,7,0.8,0.684889,0.7605613333333324,-0.07567233333333245,Below Target
2015-03-04,5,0.7,0.592083,0.6805644966666669,-0.08848149666666683,Below Target
2015-03-04,2,0.5,0.540313,0.5974199733333321,-0.057106973333332034,Achieved
2015-03-04,8,0.8,0.433263,0.4633416866666651,-0.030078686666665078,Below Target
2015-03-04,2,0.5,0.404145,0.43641099999999994,-0.03226599999999996,Below Target
2015-03-04,6,0.75,0.332146,0.4230588499999984,-0.09091284999999838,Below Target
2015-03-05,8,0.8,0.980985,0.9127987000000004,0.06818629999999959,Achieved
2015-03-05,2,0.6,0.950625,0.6219559833333328,0.32866901666666726,Achieved
2015-03-05,11,0.8,0.927292,0.9035202599999987,0.023771740000001262,Achieved
2015-03-05,12,0.8,0.868889,0.8851589499999992,-0.0162699499999992,Achieved
2015-03-05,1,0.7,0.812625,0.8060757999999983,0.006549200000001698,Achieved
2015-03-05,4,0.7,0.812625,0.8100510399999984,0.0025739600000016516,Achieved
2015-03-05,3,0.8,0.810111,0.8410346700000023,-0.03092367000000229,Achieved
2015-03-05,11,0.8,0.800702,0.7996890033333343,0.0010129966666657664,Achieved
2015-03-05,3,0.8,0.800535,0.8004675166666645,6.748333333550516e-05,Achieved
2015-03-05,12,0.8,0.800402,0.8004101033333304,-8.103333330455875e-06,Achieved
2015-03-05,1,0.7,0.750652,0.7454082533333352,0.005243746666664828,Achieved
2015-03-05,9,0.75,0.750396,0.7513025599999982,-0.0009065599999982243,Achieved
2015-03-05,4,0.7,0.750051,0.7484866666666702,0.001564333333329837,Achieved
2015-03-05,5,0.7,0.700424,0.6976890166666655,0.002734983333334551,Achieved
2015-03-05,10,0.7,0.700422,0.6994135400000022,0.0010084599999977684,Achieved
2015-03-05,2,0.6,0.600099,0.5800259699999996,0.02007303000000049,Achieved
2015-03-05,9,0.75,0.453125,0.5766545433333331,-0.1235295433333331,Below Target
2015-03-05,7,0.8,0.366054,0.47495690333333374,-0.10890290333333374,Below Target
2015-03-05,6,0.35,0.263694,0.35000047666666734,-0.08630647666666735,Below Target
2015-03-07,12,0.8,0.868889,0.9087615566666688,-0.03987255666666878,Achieved
2015-03-07,12,0.8,0.850521,0.859457299999995,-0.008936299999995012,Achieved
2015-03-07,1,0.7,0.850045,0.8297545366666638,0.020290463333336284,Achieved
2015-03-07,7,0.8,0.825444,0.8347893300000008,-0.009345330000000818,Achieved
2015-03-07,5,0.35,0.80575,0.7653458199999984,0.040404180000001566,Achieved
2015-03-07,4,0.7,0.800747,0.7983358699999993,0.002411130000000705,Achieved
2015-03-07,3,0.8,0.800579,0.8009962899999991,-0.0004172899999990154,Achieved
2015-03-07,11,0.8,0.800035,0.7996342966666689,0.00040070333333119823,Achieved
2015-03-07,6,0.5,0.7975,0.6822398500000023,0.11526014999999767,Achieved
2015-03-07,9,0.75,0.749987,0.7496288800000017,0.00035811999999824096,Below Target
2015-03-07,10,0.7,0.700422,0.6994286300000022,0.000993369999997773,Achieved
2015-03-07,1,0.7,0.664875,0.6811923399999972,-0.016317339999997182,Below Target
2015-03-07,4,0.7,0.664875,0.6863027633333306,-0.02142776333333063,Below Target
2015-03-07,11,0.8,0.657083,0.6769394233333341,-0.01985642333333415,Below Target
2015-03-07,2,0.65,0.65024,0.6212655099999984,0.02897449000000163,Achieved
2015-03-07,8,0.8,0.590741,0.6944879533333348,-0.10374695333333483,Below Target
2015-03-07,2,0.65,0.528125,0.5749160833333324,-0.046791083333332484,Below Target
2015-03-07,6,0.5,0.500528,0.49076092333333443,0.009767076666665542,Achieved
2015-03-07,5,0.7,0.40896,0.6390491833333336,-0.2300891833333336,Below Target
2015-03-08,3,0.8,0.951944,0.9220913733333327,0.029852626666667326,Achieved
2015-03-08,12,0.8,0.945556,0.9193414300000019,0.02621456999999805,Achieved
2015-03-08,9,0.75,0.929074,0.8713836166666691,0.057690383333330875,Achieved
2015-03-08,1,0.75,0.890604,0.8915840399999995,-0.0009800399999995157,Achieved
2015-03-08,4,0.75,0.890604,0.8656439833333316,0.02496001666666836,Achieved
2015-03-08,2,0.7,0.884,0.8476062933333298,0.03639370666667019,Achieved
2015-03-08,5,0.5,0.857917,0.756240733333329,0.10167626666667107,Achieved
2015-03-08,4,0.75,0.850084,0.8470772666666705,0.003006733333329459,Achieved
2015-03-08,1,0.75,0.850071,0.8415258933333384,0.00854510666666164,Achieved
2015-03-08,3,0.8,0.800511,0.7954310333333332,0.005079966666666769,Achieved
2015-03-08,12,0.8,0.800402,0.800401529999997,4.7000000291674837e-07,Achieved
2015-03-08,11,0.8,0.800035,0.7946036866666684,0.005431313333331689,Achieved
2015-03-08,11,0.8,0.755208,0.7225201433333357,0.032687856666664294,Below Target
2015-03-08,9,0.75,0.750372,0.7506905766666659,-0.000318576666665904,Achieved
2015-03-08,10,0.7,0.700422,0.6975897633333356,0.002832236666664434,Achieved
2015-03-08,2,0.7,0.700106,0.7019616066666685,-0.0018556066666685078,Achieved
2015-03-08,6,0.6,0.601037,0.5818493633333331,0.019187636666666896,Achieved
2015-03-08,8,0.6,0.600529,0.5424969433333313,0.05803205666666866,Achieved
2015-03-08,5,0.5,0.500034,0.507782076666666,-0.007748076666665993,Achieved
2015-03-08,8,0.6,0.450938,0.47311284666666525,-0.02217484666666525,Below Target
2015-03-08,10,0.7,0.441042,0.45649697000000033,-0.015454970000000345,Below Target
2015-03-08,6,0.6,0.271875,0.4190580066666648,-0.14718300666666484,Below Target
2015-03-09,11,0.8,0.960625,0.7876745500000014,0.17295044999999853,Achieved
2015-03-09,12,0.8,0.902963,0.8764180666666662,0.026544933333333742,Achieved
2015-03-09,5,0.6,0.864343,0.8325310833333307,0.03181191666666927,Achieved
2015-03-09,4,0.75,0.850446,0.8474501666666708,0.002995833333329201,Achieved
2015-03-09,1,0.75,0.850427,0.8405666533333374,0.00986034666666269,Achieved
2015-03-09,9,0.75,0.841,0.8377862733333344,0.0032137266666655284,Achieved
2015-03-09,3,0.8,0.800842,0.8009847433333309,-0.00014274333333086364,Achieved
2015-03-09,12,0.8,0.800402,0.7986377533333304,0.0017642466666695222,Achieved
2015-03-09,11,0.8,0.800035,0.7970315200000021,0.003003479999997949,Achieved
2015-03-09,3,0.8,0.795417,0.8209765599999965,-0.025559559999996484,Below Target
2015-03-09,4,0.75,0.795388,0.8095597033333343,-0.014171703333334285,Achieved
2015-03-09,1,0.75,0.794567,0.8124140266666668,-0.01784702666666682,Achieved
2015-03-09,9,0.75,0.750396,0.750546676666664,-0.00015067666666401802,Achieved
2015-03-09,2,0.7,0.700516,0.699593629999998,0.0009223700000020596,Achieved
2015-03-09,10,0.7,0.700422,0.695206790000002,0.005215209999998027,Achieved
2015-03-09,2,0.7,0.6825,0.7167733800000011,-0.03427338000000113,Below Target
2015-03-09,6,0.65,0.650962,0.6616476233333318,-0.010685623333331784,Achieved
2015-03-09,8,0.65,0.650421,0.6433074233333316,0.007113576666668453,Achieved
2015-03-09,5,0.6,0.600041,0.5913810200000018,0.008659979999998235,Achieved
2015-03-09,7,0.5,0.500611,0.4527659766666657,0.04784502333333435,Achieved
2015-03-09,10,0.7,0.477292,0.4638362000000016,0.013455799999998408,Below Target
2015-03-09,8,0.65,0.264062,0.38315413333333287,-0.11909213333333285,Below Target
2015-03-10,12,0.8,0.92,0.9143192533333303,0.005680746666669734,Achieved
2015-03-10,5,0.6,0.909392,0.8438926633333309,0.06549933666666907,Achieved
2015-03-10,1,0.75,0.900061,0.883660573333331,0.016400426666668966,Achieved
2015-03-10,3,0.8,0.894444,0.8960186199999973,-0.0015746199999973065,Achieved
2015-03-10,4,0.75,0.881575,0.8586775466666656,0.022897453333334372,Achieved
2015-03-10,1,0.75,0.880754,0.893155276666666,-0.012401276666666017,Achieved
2015-03-10,4,0.75,0.850084,0.8462544066666705,0.0038295933333294396,Achieved
2015-03-10,9,0.75,0.821667,0.7500351566666648,0.07163184333333528,Achieved
2015-03-10,12,0.8,0.800402,0.8003997199999969,2.280000003018756e-06,Achieved
2015-03-10,3,0.8,0.800072,0.7993368933333324,0.0007351066666676509,Achieved
2015-03-10,11,0.8,0.800035,0.7942709700000018,0.005764029999998255,Achieved
2015-03-10,11,0.8,0.758229,0.7268266633333341,0.03140233666666592,Below Target
2015-03-10,10,0.75,0.750608,0.7515711099999998,-0.0009631099999997117,Achieved
2015-03-10,9,0.75,0.750396,0.7508618066666647,-0.00046580666666473647,Achieved
2015-03-10,2,0.7,0.741,0.6841970900000032,0.05680290999999682,Achieved
2015-03-10,8,0.7,0.700505,0.6998710466666658,0.0006339533333342695,Achieved
2015-03-10,6,0.7,0.700247,0.6997920033333316,0.00045499666666837246,Achieved
2015-03-10,2,0.7,0.700052,0.7017165866666659,-0.0016645866666659126,Achieved
2015-03-10,5,0.65,0.650044,0.6432755133333337,0.006768486666666296,Achieved
2015-03-10,7,0.6,0.630403,0.6116959666666675,0.018707033333332568,Achieved
2015-03-10,8,0.65,0.560625,0.5635353466666663,-0.0029103466666662303,Below Target
2015-03-10,7,0.5,0.560625,0.5777368866666653,-0.0171118866666653,Achieved
2015-03-10,10,0.7,0.39875,0.43434280666666875,-0.03559280666666875,Below Target
2015-03-11,12,0.8,0.92284,0.8515492133333349,0.0712907866666651,Achieved
2015-03-11,11,0.8,0.874028,0.8501478033333355,0.02388019666666452,Achieved
2015-03-11,2,0.75,0.819271,0.8224104666666625,-0.003139466666662538,Achieved
2015-03-11,4,0.75,0.813309,0.8135713500000012,-0.00026235000000129904,Achieved
2015-03-11,1,0.75,0.812625,0.8399450299999984,-0.027320029999998385,Achieved
2015-03-11,12,0.8,0.800402,0.791784833333331,0.008617166666668896,Achieved
2015-03-11,3,0.8,0.800072,0.799248893333333,0.0008231066666669618,Achieved
2015-03-11,11,0.8,0.800035,0.7978985700000024,0.0021364299999976355,Achieved
2015-03-11,3,0.8,0.786632,0.7892283033333317,-0.0025963033333317176,Below Target
2015-03-11,5,0.7,0.75885,0.7895200033333307,-0.030670003333330698,Achieved
2015-03-11,10,0.75,0.750608,0.7489645933333331,0.0016434066666669578,Achieved
2015-03-11,9,0.75,0.750347,0.7432319866666693,0.007115013333330644,Achieved
2015-03-11,2,0.75,0.750141,0.749221620000004,0.0009193799999959174,Achieved
2015-03-11,1,0.75,0.750051,0.7517355333333373,-0.0016845333333372903,Achieved
2015-03-11,4,0.75,0.750051,0.7503857766666708,-0.00033477666667081074,Achieved
2015-03-11,5,0.7,0.700557,0.6950887833333335,0.0054682166666665255,Achieved
2015-03-11,8,0.7,0.700505,0.6997094799999992,0.0007955200000008267,Achieved
2015-03-11,6,0.7,0.700247,0.6991970033333322,0.0010499966666677185,Achieved
2015-03-11,7,0.65,0.650596,0.6468875766666665,0.0037084233333334327,Achieved
2015-03-11,10,0.75,0.628333,0.6295577099999989,-0.0012247099999989075,Below Target
2015-03-11,8,0.7,0.625625,0.6170449533333361,0.008580046666663899,Below Target
2015-03-11,7,0.65,0.625625,0.6038144033333357,0.021810596666664295,Below Target
2015-03-11,9,0.75,0.505889,0.6180278033333321,-0.11213880333333204,Below Target
2015-03-11,6,0.7,0.394722,0.4923942433333345,-0.09767224333333446,Below Target
